0.084965,0.065137,-0.021263
0.084,-0.0655,-0.0207
-0.083045,0.066003,-0.020103
-0.083519,-0.064999,-0.019984
0.085476,0.064467,-0.021648
0.084,-0.0655,-0.0204
-0.0826,0.066936,-0.018373
-0.083955,-0.06408,-0.018125
0.086295,0.063606,-0.021926
0.084,-0.0655,-0.0201
-0.081964,0.068168,-0.015918
-0.084467,-0.062885,-0.015701
0.087055,0.062696,-0.021817
0.084,-0.0655,-0.0198
-0.081521,0.069521,-0.012891
-0.085242,-0.061595,-0.01306
0.087791,0.061887,-0.021062
0.084,-0.0655,-0.0195
-0.081185,0.070804,-0.0094708
-0.085962,-0.060396,-0.010542
0.088299,0.061312,-0.019476
0.084,-0.0655,-0.0192
-0.081058,0.071849,-0.0058508
-0.086526,-0.059456,-0.0084126
0.088499,0.061074,-0.017
0.084,-0.0655,-0.0189
-0.081103,0.072541,-0.0022247
-0.086777,-0.058905,-0.0068171
0.088342,0.061231,-0.01372
0.084,-0.0655,-0.0186
-0.081297,0.072831,0.0012223
-0.086688,-0.05882,-0.0057534
0.087891,0.061781,-0.0098557
0.084,-0.0655,-0.0183
-0.081577,0.072725,0.0043182
-0.086306,-0.059204,-0.0050812
0.087262,0.062639,-0.0057209
0.084,-0.0655,-0.018
-0.08189,0.072259,0.0069105
-0.085753,-0.059975,-0.0045598
0.08659,0.063655,-0.0016655
0.084,-0.0655,-0.0177
-0.082196,0.071485,0.0088746
-0.08516,-0.060968,-0.0039078
0.085979,0.064644,0.0019893
0.084,-0.0655,-0.0174
-0.082477,0.07048,0.010124
-0.084631,-0.061983,-0.002868
0.085482,0.065451,0.0050072
0.084,-0.0655,-0.0171
-0.082731,0.069365,0.010617
-0.084219,-0.062842,-0.0012653
0.085111,0.065998,0.0072774
0.084,-0.0655,-0.0168
-0.082956,0.068305,0.010364
-0.083936,-0.063446,0.00095147
0.08486,0.066289,0.0088378
0.084,-0.0655,-0.0165
-0.083148,0.067498,0.0094353
-0.083773,-0.063782,0.0036862
0.084722,0.066385,0.0098703
0.084,-0.0655,-0.0162
-0.083297,0.067123,0.0079707
-0.083721,-0.063892,0.0067011
0.084694,0.066334,0.01066
0.084,-0.0655,-0.0159
-0.083402,0.067281,0.0061664
-0.083776,-0.063822,0.0096586
0.084779,0.066139,0.011518
0.084,-0.0655,-0.0156
-0.083477,0.06796,0.0042471
-0.083937,-0.063571,0.012199
0.084986,0.065756,0.012697
0.084,-0.0655,-0.0153
-0.083544,0.069031,0.0024268
-0.084216,-0.063106,0.014032
0.085332,0.065141,0.014315
0.084,-0.0655,-0.015
-0.083613,0.070296,0.00088116
-0.084629,-0.062399,0.015007
0.085827,0.0643,0.016337
0.084,-0.0655,-0.0147
-0.083674,0.071548,-0.00026278
-0.08519,-0.061483,0.01514
0.086447,0.063321,0.018578
0.084,-0.0655,-0.0144
-0.083695,0.072612,-0.00092409
-0.085877,-0.060473,0.014604
0.087109,0.062352,0.020755
0.084,-0.0655,-0.0141
-0.08364,0.073367,-0.0010637
-0.086608,-0.059548,0.013676
0.087677,0.061555,0.022547
0.084,-0.0655,-0.0138
-0.083495,0.073735,-0.00068073
-0.087247,-0.058891,0.012675
0.087997,0.061059,0.02366
0.084,-0.0655,-0.0135
-0.083278,0.07367,0.00019331
-0.08764,-0.058643,0.011891
0.087956,0.060934,0.023891
0.084,-0.0655,-0.0132
-0.083042,0.073153,0.0015008
-0.087679,-0.058873,0.011524
0.08754,0.061185,0.023167
0.084,-0.0655,-0.0129
-0.082857,0.072202,0.003162
-0.087345,-0.05957,0.011638
0.086833,0.061761,0.021562
0.084,-0.0655,-0.0126
-0.082793,0.070891,0.0050737
-0.086726,-0.060657,0.012147
0.08599,0.062563,0.019278
0.084,-0.0655,-0.0123
-0.082896,0.069356,0.007108
-0.085971,-0.061997,0.012841
0.08517,0.063452,0.016596
0.084,-0.0655,-0.012
-0.08317,0.067782,0.0091125
-0.085237,-0.063409,0.013427
0.084491,0.064275,0.013814
0.084,-0.0655,-0.0117
-0.083567,0.066374,0.010918
-0.084641,-0.064696,0.013603
0.08401,0.064895,0.01118
0.084,-0.0655,-0.0114
-0.083997,0.065324,0.01235
-0.084239,-0.065681,0.013127
0.083745,0.065212,0.0088457
0.084,-0.0655,-0.0111
-0.084344,0.064778,0.013244
-0.084051,-0.066239,0.011864
0.083699,0.065173,0.006848
0.084,-0.0655,-0.0108
-0.0845,0.06481,0.013466
-0.084082,-0.066303,0.009814
0.083876,0.064773,0.0051158
0.084,-0.0655,-0.0105
-0.084403,0.065414,0.012923
-0.084337,-0.06587,0.0070997
0.084274,0.064051,0.0035009
0.084,-0.0655,-0.0102
-0.08405,0.066501,0.011584
-0.084816,-0.064993,0.0039374
0.084869,0.063088,0.0018178
0.084,-0.0655,-0.0099
-0.083504,0.067914,0.0094797
-0.085494,-0.063781,0.00059404
0.085598,0.062006,-0.00011544
0.084,-0.0655,-0.0096
-0.082866,0.06945,0.0067049
-0.086304,-0.062385,-0.0026575
0.086353,0.060955,-0.0024395
0.084,-0.0655,-0.0093
-0.082252,0.070888,0.0034041
-0.08714,-0.06099,-0.0055801
0.087003,0.0601,-0.0052228
0.084,-0.0655,-0.009
-0.081759,0.072027,-0.00024692
-0.087867,-0.059791,-0.0080072
0.087418,0.059592,-0.0084403
0.084,-0.0655,-0.0087
-0.081456,0.072716,-0.0040589
-0.088357,-0.058966,-0.0098671
0.087507,0.059542,-0.011967
0.084,-0.0655,-0.0084
-0.081382,0.072873,-0.0078429
-0.088522,-0.058648,-0.011193
0.087246,0.060001,-0.015592
0.084,-0.0655,-0.0081
-0.081546,0.072495,-0.011417
-0.088339,-0.058895,-0.012111
0.086677,0.060934,-0.019048
0.084,-0.0655,-0.0078
-0.081936,0.071645,-0.014612
-0.087852,-0.059675,-0.01281
0.085897,0.062222,-0.022061
0.084,-0.0655,-0.0075
-0.082515,0.07044,-0.017273
-0.087157,-0.060859,-0.013493
0.085027,0.063678,-0.024403
0.084,-0.0655,-0.0072
-0.083224,0.069044,-0.019268
-0.086374,-0.062243,-0.014328
0.084187,0.065091,-0.02593
0.084,-0.0655,-0.0069
-0.083977,0.067647,-0.020496
-0.08562,-0.063592,-0.015403
0.083479,0.066266,-0.02661
0.084,-0.0655,-0.0066
-0.08467,0.066459,-0.020896
-0.084993,-0.064688,-0.016705
0.082977,0.067065,-0.026526
0.084,-0.0655,-0.0063
-0.085199,0.06568,-0.020466
-0.084572,-0.06537,-0.018117
0.082733,0.067416,-0.025859
0.084,-0.0655,-0.006
-0.085483,0.065462,-0.019261
-0.084405,-0.065548,-0.019435
0.082765,0.067305,-0.024848
0.084,-0.0655,-0.0057
-0.085496,0.06588,-0.0174
-0.084514,-0.065204,-0.020412
0.083067,0.066768,-0.023731
0.084,-0.0655,-0.0054
-0.085277,0.066901,-0.01504
-0.084891,-0.064379,-0.020817
0.083604,0.065879,-0.022691
0.084,-0.0655,-0.0051
-0.084911,0.068389,-0.012354
-0.085506,-0.063168,-0.020489
0.084323,0.06475,-0.021809
0.084,-0.0655,-0.0048
-0.0845,0.070132,-0.0095072
-0.086303,-0.061714,-0.019388
0.085142,0.063529,-0.021054
0.084,-0.0655,-0.0045
-0.084125,0.071881,-0.0066516
-0.0872,-0.060206,-0.017599
0.085951,0.062384,-0.020296
0.084,-0.0655,-0.0042
-0.083834,0.073393,-0.0039189
-0.088087,-0.058853,-0.015314
0.086612,0.061473,-0.019351
0.084,-0.0655,-0.0039
-0.083639,0.074466,-0.0014236
-0.088825,-0.057849,-0.012789
0.086991,0.060918,-0.018032
0.084,-0.0655,-0.0036
-0.083536,0.074959,0.00073573
-0.089279,-0.057343,-0.010288
0.086991,0.060785,-0.016195
0.084,-0.0655,-0.0033
-0.083515,0.074802,0.0024757
-0.089356,-0.057414,-0.0080278
0.086594,0.061084,-0.013783
0.084,-0.0655,-0.0039
-0.08358,0.074004,0.0037302
-0.089039,-0.058065,-0.0061381
0.085869,0.061765,-0.010834
0.084,-0.0655,-0.0045
-0.083744,0.072649,0.0044551
-0.088397,-0.059228,-0.0046436
0.084952,0.062725,-0.0074831
0.084,-0.0655,-0.0051
-0.084023,0.070893,0.0046365
-0.087568,-0.060763,-0.0034685
0.084003,0.063816,-0.0039274
0.084,-0.0655,-0.0057
-0.084425,0.068949,0.0042995
-0.086708,-0.062477,-0.0024651
0.083159,0.064864,-0.00038775
0.084,-0.0655,-0.0063
-0.084932,0.067066,0.003515
-0.085953,-0.064149,-0.0014569
0.08251,0.065704,0.0029375
0.084,-0.0655,-0.0069
-0.085492,0.065494,0.0024014
-0.08539,-0.065566,-0.00028607
0.082098,0.066205,0.0059089
0.084,-0.0655,-0.0075
-0.08602,0.064451,0.0011181
-0.085061,-0.066557,0.0011476
0.081938,0.066286,0.0084639
0.084,-0.0655,-0.0081
-0.086422,0.064081,-0.00014975
-0.08498,-0.067012,0.0028667
0.082035,0.065916,0.010612
0.084,-0.0655,-0.0087
-0.086613,0.064433,-0.0012154
-0.085151,-0.06689,0.0048198
0.082387,0.065113,0.012411
0.084,-0.0655,-0.0093
-0.086551,0.065449,-0.0019181
-0.085574,-0.066211,0.0069042
0.082983,0.063946,0.013941
0.084,-0.0655,-0.0099
-0.086242,0.066982,-0.0021475
-0.08624,-0.065062,0.0089946
0.083784,0.062531,0.015276
0.084,-0.0655,-0.0105
-0.08574,0.068813,-0.0018563
-0.087109,-0.063589,0.010968
0.084711,0.06103,0.016477
0.084,-0.0655,-0.0111
-0.085127,0.07069,-0.0010592
-0.088102,-0.061989,0.012718
0.08564,0.05963,0.017577
0.084,-0.0655,-0.0117
-0.084492,0.07235,0.0001796
-0.089096,-0.060484,0.014162
0.086418,0.058514,0.018588
0.084,-0.0655,-0.0123
-0.083922,0.073553,0.0017642
-0.089939,-0.059291,0.015243
0.086893,0.057836,0.0195
0.084,-0.0655,-0.0129
-0.083489,0.074116,0.0035849
-0.090482,-0.058586,0.015933
0.086955,0.057698,0.02028
0.084,-0.0655,-0.0135
-0.083255,0.073937,0.0055316
-0.090617,-0.058484,0.016227
0.086568,0.05814,0.020875
0.084,-0.0655,-0.0141
-0.083267,0.073022,0.0075011
-0.090309,-0.059024,0.016152
0.085783,0.059134,0.021221
0.084,-0.0655,-0.0147
-0.083554,0.071488,0.009397
-0.089611,-0.060158,0.015753
0.084727,0.060574,0.021244
0.084,-0.0655,-0.0153
-0.084107,0.069549,0.011125
-0.088647,-0.061755,0.015096
0.083568,0.062287,0.020871
0.084,-0.0655,-0.0159
-0.084868,0.067482,0.012585
-0.087582,-0.063603,0.014252
0.082476,0.064037,0.020044
0.084,-0.0655,-0.0165
-0.085719,0.065579,0.013676
-0.086584,-0.065428,0.01329
0.081592,0.065568,0.018725
0.084,-0.0655,-0.0171
-0.086507,0.064102,0.014293
-0.085789,-0.066936,0.012265
0.081012,0.066641,0.016911
0.084,-0.0655,-0.0177
-0.08707,0.063247,0.014348
-0.085294,-0.067861,0.011205
0.080789,0.067093,0.014642
0.084,-0.0655,-0.0183
-0.087286,0.063125,0.01378
-0.085154,-0.068025,0.010109
0.080942,0.066871,0.011998
0.084,-0.0655,-0.0189
-0.087103,0.06376,0.012572
-0.085391,-0.067374,0.0089414
0.081458,0.066041,0.0090965
0.084,-0.0655,-0.0195
-0.086558,0.065087,0.010754
-0.085992,-0.065996,0.0076418
0.082284,0.064775,0.0060748
0.084,-0.0655,-0.0201
-0.085762,0.066957,0.0084008
-0.086904,-0.064096,0.006139
0.083316,0.063305,0.0030686
0.084,-0.0655,-0.0207
-0.084869,0.069142,0.0056221
-0.088023,-0.061954,0.0043714
0.084404,0.061878,0.00019014
0.084,-0.0655,-0.0213
-0.084031,0.071355,0.0025496
-0.089195,-0.059869,0.002308
0.085368,0.060712,-0.002489
0.084,-0.0655,-0.021722
-0.083369,0.07329,-0.00067316
-0.09024,-0.058109,-3.5425e-05
0.086035,0.059971,-0.0049462
0.084,-0.0655,-0.022144
-0.082956,0.074669,-0.0038975
-0.090984,-0.056885,-0.0025897
0.086277,0.059758,-0.007204
0.084,-0.0655,-0.022567
-0.082826,0.075292,-0.0069757
-0.091299,-0.056334,-0.0052383
0.086038,0.060112,-0.0093159
0.084,-0.0655,-0.022989
-0.082985,0.075076,-0.0097664
-0.091136,-0.056511,-0.0078345
0.085357,0.061003,-0.011345
0.084,-0.0655,-0.023411
-0.083424,0.074065,-0.012142
-0.090531,-0.057388,-0.010227
0.084349,0.062338,-0.013341
0.084,-0.0655,-0.023833
-0.084116,0.072423,-0.013995
-0.089604,-0.058853,-0.012283
0.083184,0.063956,-0.015325
0.084,-0.0655,-0.024256
-0.085005,0.070403,-0.015249
-0.088522,-0.060715,-0.013913
0.082042,0.065641,-0.017279
0.084,-0.0655,-0.024678
-0.085999,0.068307,-0.015863
-0.087463,-0.062716,-0.015076
0.081081,0.067146,-0.01915
0.084,-0.0655,-0.0251
-0.086971,0.066434,-0.015841
-0.086584,-0.064567,-0.015778
0.08041,0.068235,-0.020853
0.084,-0.0655,-0.025522
-0.087781,0.065041,-0.015229
-0.085993,-0.065991,-0.016072
0.080088,0.068725,-0.02229
0.084,-0.0655,-0.025944
-0.088306,0.064312,-0.014114
-0.08575,-0.066773,-0.016036
0.080132,0.068523,-0.023357
0.084,-0.0655,-0.026367
-0.088474,0.064334,-0.012614
-0.085872,-0.066805,-0.015768
0.080529,0.067648,-0.023959
0.084,-0.0655,-0.026789
-0.088283,0.065099,-0.010864
-0.086347,-0.066102,-0.015367
0.081235,0.06622,-0.02402
0.084,-0.0655,-0.027211
-0.087796,0.066499,-0.0089978
-0.087132,-0.064798,-0.014924
0.082175,0.064439,-0.023494
0.084,-0.0655,-0.027633
-0.087119,0.068345,-0.0071333
-0.088149,-0.063118,-0.014507
0.083235,0.062541,-0.022377
0.084,-0.0655,-0.028056
-0.086372,0.070385,-0.0053615
-0.089284,-0.061333,-0.014146
0.084272,0.060762,-0.020715
0.084,-0.0655,-0.028478
-0.085662,0.07233,-0.0037443
-0.09039,-0.059712,-0.013827
0.08513,0.059302,-0.018607
0.084,-0.0655,-0.0289
-0.085066,0.073893,-0.0023179
-0.091313,-0.058487,-0.013483
0.085668,0.058304,-0.016193
0.084,-0.0655,-0.029322
-0.084632,0.074824,-0.0011006
-0.091914,-0.057822,-0.013009
0.085793,0.057845,-0.013639
0.084,-0.0655,-0.029745
-0.084392,0.074952,-0.00010266
-0.092105,-0.057805,-0.012278
0.085479,0.057941,-0.011109
0.084,-0.0655,-0.030167
-0.084371,0.074215,0.00066563
-0.091861,-0.058443,-0.011169
0.084772,0.058552,-0.0087332
0.084,-0.0655,-0.030589
-0.084591,0.07268,0.0011905
-0.091233,-0.059673,-0.0095972
0.08378,0.05959,-0.0065864
0.084,-0.0655,-0.031011
-0.085062,0.070543,0.0014589
-0.090328,-0.06137,-0.00754
0.082649,0.060928,-0.0046674
0.084,-0.0655,-0.031433
-0.085757,0.0681,0.0014701
-0.089288,-0.063361,-0.0050537
0.08153,0.062403,-0.0028981
0.084,-0.0655,-0.031856
-0.086598,0.065701,0.0012513
-0.088262,-0.065426,-0.0022749
0.08056,0.063816,-0.0011371
0.084,-0.0655,-0.032278
-0.087459,0.063684,0.00086896
-0.087381,-0.067317,0.00059456
0.079841,0.064951,0.00078703
0.084,-0.0655,-0.0327
-0.088191,0.062317,0.00042775
-0.086747,-0.06877,0.0033219
0.079442,0.065602,0.0030299
0.084,-0.0655,-0.033122
-0.088665,0.061762,5.5282e-05
-0.086427,-0.069545,0.0056912
0.079409,0.065618,0.0056817
0.084,-0.0655,-0.033544
-0.088802,0.062061,-0.00012322
-0.086469,-0.069478,0.0075549
0.079772,0.064958,0.0087304
0.084,-0.0655,-0.033967
-0.088591,0.063154,-9.5252e-06
-0.086907,-0.06853,0.0088711
0.080533,0.063715,0.01205
0.084,-0.0655,-0.034389
-0.088087,0.064896,0.00045194
-0.087745,-0.066824,0.0097173
0.081636,0.062108,0.015414
0.084,-0.0655,-0.034811
-0.087391,0.067077,0.0012699
-0.088926,-0.064623,0.010273
0.082938,0.060424,0.018543
0.084,-0.0655,-0.035233
-0.086625,0.069431,0.0024117
-0.090306,-0.062269,0.010776
0.084214,0.058948,0.021153
0.084,-0.0655,-0.035656
-0.085907,0.071661,0.0038139
-0.091658,-0.060108,0.011465
0.085208,0.057907,0.023025
0.084,-0.0655,-0.036078
-0.085334,0.073463,0.0053948
-0.092724,-0.05842,0.012511
0.08571,0.05745,0.024051
0.084,-0.0655,-0.0365
-0.084969,0.074584,0.0070643
-0.093297,-0.0574,0.013975
0.085618,0.057651,0.024264
0.084,-0.0655,-0.036922
-0.084853,0.074864,0.008731
-0.093278,-0.05715,0.015775
0.084964,0.058515,0.023826
0.084,-0.0655,-0.037344
-0.085013,0.074272,0.010309
-0.0927,-0.057684,0.017701
0.08389,0.059965,0.022995
0.084,-0.0655,-0.037767
-0.085458,0.072912,0.011723
-0.091707,-0.058917,0.019455
0.082594,0.06184,0.022058
0.084,-0.0655,-0.038189
-0.086171,0.071004,0.012912
-0.090496,-0.060663,0.020716
0.081277,0.063905,0.02126
0.084,-0.0655,-0.038611
-0.087085,0.068846,0.013829
-0.089266,-0.06265,0.021217
0.08011,0.065889,0.020747
0.084,-0.0655,-0.039033
-0.088074,0.066769,0.014442
-0.088187,-0.064569,0.020804
0.079216,0.067532,0.020532
0.084,-0.0655,-0.039455
-0.088964,0.065087,0.01472
-0.087382,-0.066122,0.019473
0.078678,0.068622,0.02049
0.084,-0.0655,-0.039878
-0.089573,0.064049,0.014632
-0.086932,-0.067072,0.017371
0.078535,0.069022,0.020393
0.084,-0.0655,-0.0403
-0.089767,0.0638,0.014148
-0.086879,-0.067273,0.014768
0.078784,0.068692,0.01996
0.084,-0.0655,-0.039033
-0.089506,0.064369,0.013244
-0.087221,-0.066687,0.011995
0.079386,0.067689,0.018929
0.084,-0.0655,-0.037767
-0.088856,0.065669,0.011919
-0.087915,-0.065393,0.0093776
0.080265,0.066166,0.017117
0.084,-0.0655,-0.0365
-0.08796,0.067513,0.010208
-0.088886,-0.063572,0.0071688
0.081321,0.06435,0.014457
0.084,-0.0655,-0.035233
-0.086987,0.069647,0.0081739
-0.09003,-0.06149,0.0055032
0.082426,0.062511,0.011026
0.084,-0.0655,-0.033967
-0.086085,0.071782,0.0058997
-0.091217,-0.059457,0.0043767
0.083431,0.060911,0.0070295
0.084,-0.0655,-0.0327
-0.085364,0.073628,0.0034762
-0.092298,-0.057775,0.0036522
0.084179,0.059762,0.0027738
0.084,-0.0655,-0.031433
-0.084885,0.074919,0.00099362
-0.093115,-0.056686,0.0030915
0.084527,0.059187,-0.0013899
0.084,-0.0655,-0.030167
-0.084682,0.07545,-0.0014622
-0.093531,-0.056333,0.0024109
0.084393,0.059215,-0.0051299
0.084,-0.0655,-0.0289
-0.084769,0.075108,-0.0038093
-0.093467,-0.056751,0.0013473
0.083779,0.059795,-0.0081959
0.084,-0.0655,-0.027633
-0.085152,0.073903,-0.0059663
-0.092928,-0.057875,-0.00027931
0.082781,0.060822,-0.010461
0.084,-0.0655,-0.026367
-0.085818,0.071985,-0.0078501
-0.092011,-0.059574,-0.002523
0.081566,0.062151,-0.011942
0.084,-0.0655,-0.0251
-0.086718,0.069624,-0.0093815
-0.090881,-0.061661,-0.0052953
0.080334,0.063604,-0.012785
0.084,-0.0655,-0.023833
-0.087747,0.067165,-0.010498
-0.089733,-0.063905,-0.0083753
0.079266,0.06497,-0.01324
0.084,-0.0655,-0.022567
-0.088754,0.064961,-0.01117
-0.088743,-0.06604,-0.011444
0.078486,0.066019,-0.013604
0.084,-0.0655,-0.0213
-0.08957,0.063304,-0.01141
-0.088036,-0.067777,-0.014141
0.077434,0.066848,-0.01385
0.08396,-0.0655,-0.021
-0.090696,0.06199,-0.01163
-0.087959,-0.069258,-0.016338
0.07705,0.067231,-0.014137
0.086461,-0.064152,-0.019986
-0.091139,0.06116,-0.011976
-0.087728,-0.070223,-0.017825
0.076881,0.067029,-0.014557
0.086325,-0.064366,-0.020504
-0.091309,0.060887,-0.012523
-0.087865,-0.070508,-0.01847
0.0771,0.066237,-0.015124
0.085932,-0.065037,-0.020104
-0.091032,0.061183,-0.013256
-0.0882,-0.070091,-0.018236
0.077568,0.064991,-0.01577
0.085245,-0.066114,-0.018886
-0.090485,0.062002,-0.014069
-0.088809,-0.069102,-0.017185
0.078253,0.063521,-0.01635
0.084423,-0.067483,-0.017035
-0.089759,0.063226,-0.014786
-0.089588,-0.067778,-0.015471
0.079017,0.062089,-0.016666
0.08359,-0.068958,-0.01479
-0.089023,0.064659,-0.015194
-0.09045,-0.066387,-0.013317
0.079725,0.060917,-0.016503
0.082884,-0.070292,-0.012395
-0.088403,0.06604,-0.015086
-0.091244,-0.065168,-0.010978
0.08023,0.060161,-0.015674
0.082394,-0.071225,-0.01006
-0.087998,0.067095,-0.014305
-0.091833,-0.064292,-0.0086907
0.080421,0.059911,-0.014065
0.082172,-0.071555,-0.0079298
-0.087856,0.067609,-0.01277
-0.092106,-0.063857,-0.0066349
0.080251,0.060199,-0.011656
0.082231,-0.071196,-0.0060713
-0.087997,0.067492,-0.01049
-0.092017,-0.063904,-0.004906
0.079746,0.061013,-0.0085314
0.082563,-0.070209,-0.004473
-0.08841,0.066798,-0.007562
-0.091594,-0.064425,-0.0035036
0.079003,0.062283,-0.0048737
0.083123,-0.068774,-0.003051
-0.089053,0.065709,-0.0041621
-0.090932,-0.065349,-0.0023394
0.07816,0.063865,-0.00093227
0.083831,-0.067141,-0.001665
-0.089843,0.064472,-0.00052876
-0.090172,-0.066533,-0.0012615
0.077364,0.065538,0.0030143
0.084565,-0.065557,-0.00014687
-0.090658,0.063335,0.003069
-0.089457,-0.06776,-9.2177e-05
0.076734,0.067037,0.0067009
0.085188,-0.064225,0.0016613
-0.09136,0.062494,0.0063702
-0.088906,-0.068769,0.0013306
0.076344,0.068106,0.0099123
0.085574,-0.063287,0.0038688
-0.091824,0.062078,0.0091623
-0.088594,-0.069315,0.0031188
0.076225,0.068573,0.012505
0.085642,-0.062825,0.0065067
-0.091969,0.062157,0.011312
-0.088552,-0.069241,0.0053137
0.076378,0.068397,0.01442
0.085374,-0.062879,0.0095131
-0.091779,0.062752,0.012784
-0.088783,-0.068524,0.0078774
0.076781,0.067674,0.015681
0.084821,-0.063433,0.012734
-0.091306,0.063828,0.013641
-0.089265,-0.067279,0.010693
0.07738,0.066601,0.016395
0.084089,-0.064405,0.015942
-0.090654,0.065282,0.014026
-0.089944,-0.065723,0.013573
0.078085,0.065417,0.016725
0.083311,-0.065626,0.018871
-0.089955,0.066931,0.014133
-0.09073,-0.064113,0.016279
0.078777,0.064342,0.016863
0.082613,-0.066858,0.021259
-0.089336,0.068517,0.01416
-0.0915,-0.062683,0.018556
0.07932,0.063545,0.016986
0.082089,-0.067834,0.022892
-0.088889,0.069763,0.014269
-0.09212,-0.061615,0.020175
0.079601,0.063136,0.017218
0.081797,-0.068329,0.023633
-0.088673,0.070434,0.014557
-0.092477,-0.061031,0.020973
0.079553,0.063177,0.017601
0.081763,-0.068228,0.023441
-0.088715,0.070408,0.015042
-0.092505,-0.060998,0.020881
0.079173,0.06368,0.01809
0.081988,-0.067557,0.022367
-0.089019,0.069706,0.015664
-0.092204,-0.061532,0.01994
0.078529,0.064599,0.018554
0.082452,-0.06647,0.020554
-0.089563,0.068483,0.016289
-0.091639,-0.062586,0.018289
0.07774,0.065809,0.018803
0.083093,-0.065197,0.018214
-0.090286,0.066974,0.01673
-0.090932,-0.064032,0.016142
0.076947,0.067102,0.018631
0.083807,-0.063981,0.015597
-0.091081,0.06543,0.016775
-0.090221,-0.065653,0.013741
0.076276,0.068215,0.017858
0.08446,-0.063026,0.012949
-0.091814,0.064065,0.016228
-0.089631,-0.067176,0.011319
0.075815,0.068896,0.016366
0.084916,-0.062476,0.010469
-0.09235,0.063043,0.014953
-0.089249,-0.068328,0.0090567
0.075612,0.068965,0.014119
0.085073,-0.06242,0.0082815
-0.092586,0.062471,0.012902
-0.089126,-0.068914,0.0070642
0.075687,0.068375,0.011169
0.084886,-0.062899,0.0064165
-0.09248,0.062409,0.01013
-0.089281,-0.068865,0.0053767
0.076032,0.067215,0.0076501
0.084382,-0.063898,0.0048151
-0.092058,0.06286,0.0067888
-0.089707,-0.068253,0.0039538
0.076606,0.065681,0.0037664
0.083654,-0.06533,0.0033462
-0.091412,0.063755,0.0031102
-0.090365,-0.067255,0.00269
0.07733,0.064012,-0.00022863
0.082834,-0.067026,0.0018407
-0.090675,0.064936,-0.00063447
-0.091171,-0.066102,0.0014348
0.078082,0.062441,-0.0040682
0.082059,-0.068741,0.00013188
-0.089981,0.066166,-0.0041754
-0.092004,-0.065016,2.472e-05
0.078721,0.061157,-0.0075098
0.081443,-0.070195,-0.0019058
-0.089444,0.067172,-0.0072838
-0.092722,-0.064181,-0.0016797
0.079114,0.060298,-0.010371
0.081059,-0.071145,-0.0043309
-0.089138,0.067713,-0.0097998
-0.093193,-0.06373,-0.0037601
0.079171,0.059954,-0.012552
0.080946,-0.071442,-0.0071229
-0.089103,0.067648,-0.011646
-0.093327,-0.063748,-0.0062169
0.078865,0.060168,-0.014053
0.081118,-0.071074,-0.010181
-0.089352,0.066974,-0.012832
-0.0931,-0.064269,-0.00896
0.078249,0.060925,-0.014963
0.081557,-0.070158,-0.013329
-0.089871,0.06582,-0.01345
-0.092562,-0.065263,-0.011815
0.077438,0.062123,-0.015443
0.082207,-0.068897,-0.016333
-0.0906,0.064406,-0.013658
-0.091831,-0.066613,-0.014549
0.076583,0.06357,-0.015681
0.082965,-0.06752,-0.018934
-0.091437,0.062979,-0.013653
-0.091055,-0.068111,-0.016906
0.075828,0.065003,-0.015856
0.083691,-0.066237,-0.020883
-0.092242,0.061763,-0.01363
-0.090379,-0.069477,-0.018657
0.075282,0.06615,-0.016093
0.084239,-0.065213,-0.021989
-0.092867,0.060935,-0.013742
-0.08991,-0.070428,-0.019637
0.075007,0.066801,-0.016449
0.084487,-0.064572,-0.022151
-0.093193,0.06062,-0.014063
-0.089713,-0.070753,-0.019765
0.075028,0.066868,-0.016899
0.084375,-0.064393,-0.021378
-0.093159,0.06089,-0.014576
-0.089812,-0.070371,-0.019056
0.075338,0.066401,-0.017343
0.083919,-0.064705,-0.01979
-0.092782,0.061755,-0.01517
-0.090201,-0.069351,-0.017617
0.074668,0.066185,-0.017119
0.082642,-0.064847,-0.016892
-0.093394,0.062563,-0.016397
-0.09142,-0.06847,-0.01617
0.074688,0.066304,-0.016227
0.08239,-0.064794,-0.013256
-0.093365,0.063254,-0.017733
-0.091808,-0.0655,-0.019986
0.074399,0.066752,-0.01469
0.082211,-0.064496,-0.009548
-0.09371,0.063754,-0.018575
-0.091733,-0.0655,-0.01949
0.074182,0.067448,-0.012571
0.082388,-0.063913,-0.0063824
-0.094026,0.06399,-0.018383
-0.091657,-0.0655,-0.019002
0.073879,0.068284,-0.0099664
0.082598,-0.063057,-0.0041775
-0.09442,0.063948,-0.016816
-0.091581,-0.0655,-0.01852
0.073599,0.069182,-0.0069976
0.08283,-0.062033,-0.003078
-0.094749,0.063703,-0.013809
-0.091505,-0.0655,-0.018047
0.073315,0.070103,-0.0037968
0.083018,-0.061018,-0.0029337
-0.095042,0.063406,-0.0095912
-0.091429,-0.0655,-0.01758
0.07305,0.071015,-0.00050502
0.083196,-0.060196,-0.0033388
-0.095305,0.063215,-0.0046446
-0.091354,-0.0655,-0.017121
0.072814,0.071844,0.0027335
0.083355,-0.059679,-0.0037361
-0.095549,0.063219,0.0003985
-0.091278,-0.0655,-0.016669
0.072647,0.072461,0.0057868
0.083455,-0.059468,-0.0035638
-0.09573,0.063398,0.0049008
-0.091202,-0.0655,-0.016224
0.072588,0.072723,0.0085432
0.083432,-0.059483,-0.0024016
-0.095786,0.063658,0.0083634
-0.091126,-0.0655,-0.015787
0.072657,0.07255,0.010902
0.083255,-0.059642,-7.0986e-05
-0.095684,0.063905,0.010524
-0.09105,-0.0655,-0.015357
0.072833,0.071972,0.012762
0.082951,-0.059918,0.0033249
-0.095456,0.064112,0.0114
-0.090974,-0.0655,-0.014935
0.073066,0.071129,0.014032
0.082596,-0.060341,0.0074155
-0.09518,0.064315,0.011272
-0.090899,-0.0655,-0.01452
0.073293,0.070207,0.014654
0.082259,-0.060943,0.011628
-0.094926,0.064563,0.010632
-0.090823,-0.0655,-0.014112
0.07347,0.069362,0.01462
0.081959,-0.061694,0.015303
-0.094717,0.064855,0.010059
-0.090747,-0.0655,-0.013712
0.073595,0.068682,0.013967
0.081678,-0.06248,0.01785
-0.094532,0.065108,0.01008
-0.090671,-0.0655,-0.013319
0.07369,0.068195,0.012765
0.081415,-0.063143,0.018885
-0.094364,0.065194,0.011029
-0.090595,-0.0655,-0.012933
0.07378,0.067908,0.01111
0.081234,-0.063546,0.018332
-0.094274,0.065,0.012959
-0.09052,-0.0655,-0.012555
0.073869,0.06783,0.0091232
0.08125,-0.063634,0.016438
-0.094373,0.064487,0.015619
-0.090444,-0.0655,-0.012184
0.073945,0.067958,0.0069365
0.081547,-0.063449,0.013723
-0.094748,0.063701,0.018508
-0.090368,-0.0655,-0.01182
0.073992,0.068257,0.0046772
0.082088,-0.063099,0.010857
-0.095364,0.062749,0.020986
-0.090292,-0.0655,-0.011464
0.074001,0.068654,0.002461
0.082696,-0.06271,0.0084909
-0.096049,0.061756,0.022442
-0.090216,-0.0655,-0.011115
0.073966,0.069062,0.00038924
0.083146,-0.0624,0.007103
-0.09658,0.060836,0.022437
-0.090141,-0.0655,-0.010773
0.073869,0.069416,-0.0014519
0.083292,-0.062265,0.0068864
-0.096814,0.060092,0.020818
-0.090065,-0.0655,-0.010439
0.073684,0.069688,-0.0029912
0.083148,-0.062376,0.0077116
-0.096762,0.0596,0.017751
-0.089989,-0.0655,-0.010112
0.0734,0.06986,-0.0041726
0.082857,-0.062742,0.0091577
-0.096566,0.059387,0.013688
-0.089913,-0.0655,-0.0097922
0.073039,0.06988,-0.0049632
0.082584,-0.063286,0.010615
-0.09639,0.059393,0.0092666
-0.089837,-0.0655,-0.00948
0.072665,0.06967,-0.0053629
0.082412,-0.063853,0.011438
-0.096314,0.059486,0.0051594
-0.089761,-0.0655,-0.0091751
0.072354,0.069165,-0.0053996
0.082319,-0.064286,0.011103
-0.096313,0.059532,0.0019202
-0.089686,-0.0655,-0.0088775
0.072164,0.068386,-0.005106
0.08223,-0.06452,0.0093337
-0.096309,0.059484,-0.00013094
-0.08961,-0.0655,-0.0085873
0.072107,0.06747,-0.0045061
0.082088,-0.06462,0.0061607
-0.096245,0.059421,-0.00097242
-0.089534,-0.0655,-0.0083045
0.07215,0.066638,-0.0036331
0.081886,-0.064739,0.0019393
-0.096115,0.059506,-0.00089334
-0.089458,-0.0655,-0.0080289
0.072249,0.066096,-0.0025583
0.081647,-0.065001,-0.0027133
-0.095948,0.059873,-0.00043706
-0.089383,-0.0655,-0.0077608
0.072379,0.065948,-0.0013923
0.081386,-0.065396,-0.0070591
-0.095761,0.060517,-0.00026538
-0.089307,-0.0655,-0.0075
0.072547,0.066166,-0.00025612
0.081109,-0.065758,-0.010428
-0.095564,0.061277,-0.00097428
-0.089231,-0.0655,-0.0072465
0.072774,0.066642,0.00074368
0.080852,-0.06585,-0.01239
-0.095389,0.061917,-0.0029295
-0.089155,-0.0655,-0.0070004
0.073053,0.067267,0.0015137
0.080711,-0.065501,-0.012846
-0.09533,0.062251,-0.0061751
-0.089079,-0.0655,-0.0067616
0.073338,0.067985,0.0019673
0.080817,-0.064693,-0.012047
-0.095514,0.06224,-0.010423
-0.089003,-0.0655,-0.0065302
0.073552,0.068782,0.0020371
0.081237,-0.063572,-0.010524
-0.096005,0.061994,-0.015113
-0.088928,-0.0655,-0.0063061
0.073638,0.069633,0.0016944
0.081887,-0.062365,-0.0089701
-0.096721,0.061695,-0.019529
-0.088852,-0.0655,-0.0060894
0.073581,0.070473,0.00095127
0.082529,-0.061281,-0.0080633
-0.097426,0.061509,-0.022969
-0.088776,-0.0655,-0.00588
0.073407,0.071198,-0.00015361
0.082892,-0.060459,-0.0082944
-0.097852,0.061533,-0.02491
-0.0887,-0.0655,-0.0056779
0.073159,0.071718,-0.001568
0.08283,-0.059969,-0.009844
-0.097853,0.061807,-0.025135
-0.088624,-0.0655,-0.0054832
0.072875,0.071988,-0.0032296
0.082403,-0.059842,-0.012533
-0.097493,0.06234,-0.023781
-0.088549,-0.0655,-0.0052959
0.07259,0.072013,-0.0050656
0.081819,-0.060053,-0.015851
-0.096982,0.063099,-0.021313
-0.088473,-0.0655,-0.0051159
0.072343,0.071808,-0.0069892
0.081289,-0.060495,-0.019073
-0.096533,0.063979,-0.018413
-0.088397,-0.0655,-0.0049432
0.07218,0.07139,-0.0088962
0.080904,-0.060997,-0.02143
-0.096234,0.06482,-0.015806
-0.088321,-0.0655,-0.0047779
0.072136,0.070799,-0.010672
0.080627,-0.061394,-0.022313
-0.096046,0.065474,-0.014073
-0.088245,-0.0655,-0.00462
0.0722,0.070135,-0.012212
0.080387,-0.061616,-0.021419
-0.09589,0.065878,-0.013505
-0.088169,-0.0655,-0.0044694
0.072308,0.069564,-0.013425
0.080169,-0.061708,-0.018826
-0.095749,0.066082,-0.01404
-0.088094,-0.0655,-0.0043261
0.072366,0.069255,-0.014224
0.080035,-0.061773,-0.014979
-0.095682,0.066181,-0.01527
-0.088018,-0.0655,-0.0041902
0.072305,0.06929,-0.014519
0.080048,-0.061864,-0.010582
-0.095756,0.066223,-0.016547
-0.087942,-0.0655,-0.0040616
0.07212,0.069615,-0.014236
0.080203,-0.061934,-0.006411
-0.095973,0.06615,-0.017162
-0.087866,-0.0655,-0.0039404
0.071861,0.070068,-0.013356
0.080428,-0.061867,-0.0031206
-0.096266,0.065844,-0.016533
-0.08779,-0.0655,-0.0038265
0.071589,0.070479,-0.011909
0.08065,-0.061582,-0.0010991
-0.096564,0.065221,-0.014348
-0.087715,-0.0655,-0.00372
0.071338,0.070753,-0.0099539
0.080856,-0.061116,-0.00040565
-0.096852,0.064326,-0.010621
-0.087639,-0.0655,-0.0036208
0.071106,0.070885,-0.0075616
0.081087,-0.060634,-0.00076906
-0.09717,0.063327,-0.0056955
-0.087563,-0.0655,-0.003529
0.070884,0.070912,-0.0048247
0.081369,-0.06034,-0.0016485
-0.097541,0.06244,-0.00017883
-0.087487,-0.0655,-0.0034445
0.070686,0.070835,-0.0018582
0.081649,-0.060373,-0.0023621
-0.09791,0.061813,0.0051818
-0.087411,-0.0655,-0.0033673
0.070554,0.070591,0.0012138
0.081803,-0.06074,-0.0022648
-0.098152,0.061469,0.0096741
-0.087336,-0.0655,-0.0039673
0.070533,0.0701,0.0042707
0.081713,-0.06135,-0.00091885
-0.098148,0.061334,0.012786
-0.08726,-0.0655,-0.0045673
0.070645,0.069339,0.0071896
0.081361,-0.062091,0.0017978
-0.09788,0.061316,0.014314
-0.087184,-0.0655,-0.0051673
0.07086,0.06839,0.0098387
0.080856,-0.06289,0.0056606
-0.097459,0.06137,0.014394
-0.087108,-0.0655,-0.0057673
0.07111,0.067414,0.01209
0.080367,-0.063706,0.010138
-0.097059,0.061485,0.013466
-0.087032,-0.0655,-0.0063673
0.071317,0.066578,0.013838
0.08002,-0.064486,0.014499
-0.096807,0.061641,0.01217
-0.086957,-0.0655,-0.0069673
0.071429,0.06599,0.015014
0.079829,-0.065131,0.017982
-0.096718,0.061777,0.011184
-0.086881,-0.0655,-0.0075673
0.071437,0.065686,0.015573
0.079733,-0.06552,0.019976
-0.096725,0.061802,0.011052
-0.086805,-0.0655,-0.0081673
0.071354,0.06566,0.0155
0.079684,-0.065567,0.020173
-0.096774,0.061649,0.012039
-0.086729,-0.0655,-0.0087673
0.071199,0.065906,0.014812
0.079721,-0.065269,0.018634
-0.096899,0.061319,0.01407
-0.086653,-0.0655,-0.0093673
0.070993,0.066406,0.013556
0.079939,-0.064707,0.015781
-0.097192,0.060885,0.016737
-0.086578,-0.0655,-0.0099673
0.070771,0.067104,0.011804
0.080376,-0.064007,0.0123
-0.097693,0.060447,0.019393
-0.086502,-0.0655,-0.010567
0.070586,0.067882,0.0096506
0.080933,-0.06328,0.008969
-0.098311,0.06009,0.02131
-0.086426,-0.0655,-0.011167
0.070494,0.068597,0.0072111
0.081397,-0.062608,0.0064635
-0.098838,0.05987,0.021872
-0.08635,-0.0655,-0.011767
0.070516,0.069147,0.0046087
0.081562,-0.062068,0.0051933
-0.099071,0.059839,0.020729
-0.086274,-0.0655,-0.012367
0.070629,0.069522,0.0019627
0.081357,-0.061753,0.0052175
-0.098939,0.060071,0.017877
-0.086198,-0.0655,-0.012967
0.070773,0.06979,-0.00061093
0.080882,-0.061744,0.0062372
-0.098543,0.060636,0.013671
-0.086123,-0.0655,-0.013567
0.070884,0.070021,-0.0029932
0.080332,-0.062035,0.007671
-0.098074,0.06152,0.0087411
-0.086047,-0.0655,-0.014167
0.070932,0.070217,-0.0050735
0.079872,-0.062486,0.0088098
-0.097697,0.062577,0.0038433
-0.085971,-0.0655,-0.014767
0.07093,0.070312,-0.0067694
0.079561,-0.062859,0.0090047
-0.097467,0.063566,-0.00032433
-0.085895,-0.0655,-0.015367
0.070911,0.070242,-0.0080283
0.079373,-0.062943,0.0078254
-0.097354,0.064267,-0.0032751
-0.085819,-0.0655,-0.015967
0.07089,0.070025,-0.0088086
0.079263,-0.062669,0.0051499
-0.097316,0.064601,-0.00482
-0.085744,-0.0655,-0.016567
0.070847,0.069782,-0.0090771
0.079226,-0.062151,0.001192
-0.097345,0.064667,-0.0050962
-0.085668,-0.0655,-0.017167
0.070747,0.069683,-0.0088358
0.079267,-0.061606,-0.0035258
-0.097452,0.064666,-0.0045438
-0.085592,-0.0655,-0.017767
0.070587,0.069847,-0.0081441
0.079362,-0.061218,-0.008269
-0.097615,0.064772,-0.0038139
-0.085516,-0.0655,-0.018367
0.070419,0.070264,-0.0071031
0.079433,-0.061034,-0.012262
-0.097762,0.065022,-0.0036032
-0.08544,-0.0655,-0.018967
0.07033,0.07081,-0.0058217
0.079405,-0.060958,-0.014883
-0.097816,0.065315,-0.0044624
-0.085364,-0.0655,-0.019567
0.070398,0.071324,-0.0044042
0.079286,-0.060844,-0.015825
-0.097779,0.065497,-0.0066468
-0.085289,-0.0655,-0.020167
0.070643,0.0717,-0.0029623
0.079188,-0.060607,-0.015153
-0.097763,0.065474,-0.010054
-0.085213,-0.0655,-0.020767
0.07102,0.071916,-0.0016186
0.07926,-0.060273,-0.013293
-0.09791,0.065257,-0.014243
-0.085137,-0.0655,-0.021367
0.071444,0.071998,-0.00048635
0.079555,-0.059953,-0.010919
-0.098277,0.064938,-0.018534
-0.085137,-0.0655,-0.02179
0.071825,0.071974,0.00035191
0.079963,-0.059766,-0.0087953
-0.098756,0.064622,-0.022164
-0.085137,-0.0655,-0.022212
0.072098,0.071846,0.00084619
0.080253,-0.059788,-0.0075764
-0.099118,0.064377,-0.024479
-0.085137,-0.0655,-0.022634
0.072219,0.071615,0.0009699
0.080224,-0.060042,-0.0076525
-0.099167,0.064226,-0.025084
-0.085137,-0.0655,-0.023056
0.072157,0.071308,0.00071251
0.079852,-0.060518,-0.0090636
-0.098876,0.064173,-0.023929
-0.085137,-0.0655,-0.023478
0.071898,0.070973,7.752e-05
0.079307,-0.061169,-0.011492
-0.098416,0.06419,-0.021316
-0.085137,-0.0655,-0.023901
0.071461,0.070644,-0.0009118
0.078839,-0.061892,-0.014329
-0.09804,0.064203,-0.017833
-0.085137,-0.0655,-0.024323
0.070918,0.070306,-0.002198
0.07862,-0.062528,-0.016818
-0.097918,0.06409,-0.014215
-0.085137,-0.0655,-0.024745
0.070373,0.069915,-0.0036819
0.078659,-0.062923,-0.018239
-0.098056,0.063735,-0.011162
-0.085137,-0.0655,-0.025167
0.069919,0.069447,-0.0052397
0.07884,-0.063018,-0.018088
-0.098334,0.063108,-0.0091722
-0.085137,-0.0655,-0.02559
0.0696,0.068949,-0.0067513
0.079028,-0.062898,-0.016191
-0.098613,0.062318,-0.0084296
-0.085137,-0.0655,-0.026012
0.069398,0.068537,-0.0081094
0.079156,-0.062762,-0.012759
-0.098824,0.061575,-0.00876
-0.085137,-0.0655,-0.026434
0.069271,0.068327,-0.0092065
0.079224,-0.062809,-0.0083416
-0.098969,0.061085,-0.0096679
-0.085137,-0.0655,-0.026856
0.069188,0.06835,-0.0099343
0.079245,-0.063113,-0.0036965
-0.099064,0.060927,-0.010463
-0.085137,-0.0655,-0.027279
0.069153,0.068513,-0.01021
0.079208,-0.063573,0.00040733
-0.099104,0.061005,-0.010451
-0.085137,-0.0655,-0.027701
0.06919,0.068661,-0.0099946
0.079094,-0.06398,0.0033828
-0.099072,0.061121,-0.0091228
-0.085137,-0.0655,-0.028123
0.069307,0.068673,-0.0092844
0.07893,-0.064152,0.0049453
-0.098995,0.061103,-0.0062657
-0.085137,-0.0655,-0.028545
0.069474,0.068535,-0.0080805
0.078806,-0.064037,0.0051527
-0.098959,0.060909,-0.0020039
-0.085137,-0.0655,-0.028967
0.069625,0.068333,-0.006391
0.078829,-0.06373,0.0043835
-0.099067,0.060634,0.0032264
-0.085137,-0.0655,-0.02939
0.0697,0.068177,-0.004254
0.079028,-0.063388,0.003255
-0.099347,0.060434,0.0087557
-0.085137,-0.0655,-0.029812
0.069679,0.068125,-0.0017494
0.079307,-0.063135,0.0024784
-0.099701,0.060425,0.013821
-0.085137,-0.0655,-0.030234
0.069591,0.068148,0.0010157
0.079484,-0.063002,0.0026756
-0.099949,0.060629,0.017742
-0.085137,-0.0655,-0.030656
0.069489,0.068181,0.0039238
0.079408,-0.062948,0.0042168
-0.099941,0.060995,0.020081
-0.085137,-0.0655,-0.031078
0.069412,0.068188,0.0068493
0.079075,-0.062924,0.0071261
-0.099675,0.061462,0.020737
-0.085137,-0.0655,-0.031501
0.069363,0.068199,0.0096583
0.078627,-0.062906,0.011067
-0.099297,0.061998,0.019963
-0.085137,-0.0655,-0.031923
0.069319,0.06828,0.012217
0.078251,-0.062877,0.015405
-0.098998,0.062582,0.018307
-0.085137,-0.0655,-0.032345
0.069262,0.068474,0.014402
0.078053,-0.062795,0.019346
-0.098885,0.06317,0.016479
-0.085137,-0.0655,-0.032767
0.069194,0.068775,0.016102
0.078004,-0.062595,0.022133
-0.098927,0.063693,0.015162
-0.085137,-0.0655,-0.03319
0.069126,0.069147,0.017223
0.078002,-0.062224,0.02323
-0.099016,0.064089,0.014838
-0.085137,-0.0655,-0.033612
0.06906,0.069567,0.017704
0.077984,-0.061693,0.022452
-0.099082,0.064353,0.015665
-0.085137,-0.0655,-0.034034
0.068984,0.070042,0.017517
0.077984,-0.061085,0.020006
-0.099154,0.06454,0.017442
-0.085137,-0.0655,-0.034456
0.068885,0.070573,0.01667
0.078082,-0.060513,0.016443
-0.099311,0.064727,0.019653
-0.085137,-0.0655,-0.034878
0.068779,0.071116,0.015198
0.078301,-0.060048,0.012519
-0.099581,0.064948,0.021596
-0.085137,-0.0655,-0.035301
0.068706,0.071569,0.01317
0.078551,-0.0597,0.0090023
-0.099882,0.065181,0.022567
-0.085137,-0.0655,-0.035723
0.068714,0.071831,0.010692
0.078677,-0.059447,0.0064881
-0.10006,0.065383,0.022045
-0.085137,-0.0655,-0.036145
0.068814,0.071874,0.0078845
0.078566,-0.0593,0.0052685
-0.10002,0.06555,0.019811
-0.085137,-0.0655,-0.036567
0.06897,0.07177,0.0048768
0.078236,-0.05932,0.0052814
-0.09976,0.065739,0.015999
-0.085137,-0.0655,-0.03699
0.069112,0.071647,0.0018099
0.07782,-0.059571,0.0061307
-0.099423,0.066019,0.011076
-0.085137,-0.0655,-0.037412
0.069178,0.071592,-0.0011612
0.077474,-0.060036,0.0071866
-0.099162,0.066383,0.005735
-0.085137,-0.0655,-0.037834
0.069151,0.071597,-0.0038876
0.07728,-0.060582,0.0077548
-0.099055,0.066708,0.00073496
-0.085137,-0.0655,-0.038256
0.069056,0.071572,-0.0062528
0.077224,-0.06101,0.0072612
-0.099087,0.066807,-0.0032846
-0.085137,-0.0655,-0.038678
0.068931,0.071428,-0.0081738
0.077252,-0.061171,0.0053903
-0.0992,0.066542,-0.0059352
-0.085137,-0.0655,-0.039101
0.068789,0.071155,-0.0095845
0.077333,-0.061058,0.0021488
-0.099364,0.065913,-0.007143
-0.085137,-0.0655,-0.039523
0.068613,0.070829,-0.010435
0.077475,-0.060817,-0.0021314
-0.099587,0.065074,-0.0071526
-0.085137,-0.0655,-0.039945
0.068388,0.070561,-0.010711
0.07768,-0.060654,-0.0068474
-0.099876,0.064245,-0.0064777
-0.085137,-0.0655,-0.040367
0.068135,0.070406,-0.010444
0.07789,-0.060717,-0.011246
-0.10018,0.06359,-0.0057851
-0.085137,-0.0655,-0.039101
0.067921,0.070324,-0.0096957
0.078003,-0.061017,-0.014602
-0.10039,0.063145,-0.0057224
-0.085137,-0.0655,-0.037834
0.067832,0.070208,-0.0085373
0.077949,-0.061452,-0.0164
-0.10043,0.062832,-0.0067422
-0.085137,-0.0655,-0.036567
0.067928,0.06997,-0.0070544
0.077762,-0.061895,-0.016459
-0.10034,0.06255,-0.0089832
-0.085137,-0.0655,-0.035301
0.068215,0.069596,-0.005359
0.077579,-0.062276,-0.014976
-0.10025,0.062245,-0.012233
-0.085137,-0.0655,-0.034034
0.06864,0.06914,-0.0035833
0.077548,-0.062593,-0.012473
-0.1003,0.061932,-0.015975
-0.085137,-0.0655,-0.032767
0.069121,0.068683,-0.0018569
0.077703,-0.062885,-0.0096768
-0.10053,0.061655,-0.019502
-0.085137,-0.0655,-0.031501
0.069571,0.068283,-0.00029007
0.077924,-0.063178,-0.0073292
-0.10083,0.061452,-0.022099
-0.085137,-0.0655,-0.030234
0.069913,0.067974,0.0010291
0.078013,-0.063477,-0.0060067
-0.101,0.061333,-0.023216
-0.085137,-0.0655,-0.028967
0.070081,0.067791,0.0020311
0.07784,-0.063773,-0.0059873
-0.10091,0.0613,-0.022596
-0.085137,-0.0655,-0.027701
0.070017,0.067783,0.0026629
0.077451,-0.06405,-0.0071975
-0.1006,0.061351,-0.020328
-0.085137,-0.0655,-0.026434
0.069698,0.067984,0.0028877
0.077037,-0.064269,-0.0092345
-0.10028,0.061456,-0.016823
-0.085137,-0.0655,-0.025167
0.069158,0.068371,0.0026963
0.07681,-0.064347,-0.011461
-0.10014,0.061544,-0.012719
-0.085137,-0.0655,-0.023901
0.068495,0.068848,0.0021232
0.076867,-0.064179,-0.01316
-0.10029,0.061518,-0.0087329
-0.085137,-0.0655,-0.022634
0.067843,0.069286,0.001249
0.077146,-0.063702,-0.01371
-0.10065,0.061314,-0.0054924
-0.085137,-0.0655,-0.021367
0.067316,0.06959,0.00017575
0.077492,-0.062963,-0.012729
-0.10108,0.06097,-0.0033964
-0.085177,-0.0655,-0.021
0.068168,0.068878,-0.002184
0.078205,-0.062862,-0.010667
-0.10008,0.061433,-0.001961
-0.082047,-0.070307,-0.010444
0.06887,0.067504,-0.0051937
0.077485,-0.063604,-0.0076516
-0.099302,0.062874,-0.0011506
-0.082686,-0.068233,-0.0036085
0.070354,0.065935,-0.0080434
0.076447,-0.065201,-0.0040045
-0.097891,0.065271,-0.00073764
-0.083798,-0.065865,0.0033012
0.071944,0.06453,-0.009893
0.07508,-0.067338,-0.00013851
-0.096529,0.06827,-0.0004052
-0.085394,-0.063597,0.0093493
0.073388,0.063423,-0.010059
0.073962,-0.0694,0.0035774
-0.095362,0.071227,0.00012058
-0.086789,-0.061596,0.013757
0.074233,0.062617,-0.0081551
0.073248,-0.070717,0.0068752
-0.094685,0.07344,0.0010148
-0.08767,-0.059895,0.016045
0.074379,0.062176,-0.0041446
0.073033,-0.070874,0.0095611
-0.094505,0.074464,0.0023838
-0.08785,-0.058587,0.016089
0.073911,0.062315,0.0016448
0.073238,-0.069878,0.011503
-0.094773,0.074278,0.0042819
-0.087447,-0.057915,0.01414
0.073093,0.06329,0.0085326
0.073762,-0.068091,0.012682
-0.095372,0.073215,0.0066587
-0.086703,-0.058166,0.010808
0.072187,0.065181,0.015571
0.074487,-0.065979,0.013243
-0.096186,0.071716,0.00931
-0.085886,-0.059443,0.0069817
0.071352,0.06773,0.021742
0.075323,-0.063882,0.013438
-0.097113,0.070099,0.011925
-0.085142,-0.061513,0.0036202
0.070584,0.0704,0.026197
0.076211,-0.061956,0.013517
-0.098089,0.068501,0.014197
-0.084462,-0.063856,0.001518
0.069802,0.072581,0.028404
0.077094,-0.060274,0.013656
-0.099054,0.066984,0.015901
-0.083762,-0.065871,0.0011533
0.06899,0.073811,0.028182
0.077856,-0.058969,0.013961
-0.099894,0.065681,0.016885
-0.083028,-0.067099,0.0026649
0.068301,0.073898,0.025665
0.078295,-0.058288,0.01449
-0.10041,0.064841,0.017061
-0.082416,-0.067344,0.0058864
0.068026,0.072932,0.021289
0.078193,-0.058523,0.015208
-0.10038,0.064767,0.016446
-0.082217,-0.066687,0.010364
0.068424,0.071213,0.015772
0.077451,-0.059863,0.015943
-0.099717,0.065666,0.015205
-0.082691,-0.065411,0.015376
0.069527,0.069117,0.010025
0.076206,-0.062228,0.016416
-0.098544,0.067481,0.013621
-0.083865,-0.063864,0.020012
0.071063,0.06694,0.004976
0.074795,-0.065192,0.016353
-0.097198,0.069814,0.01198
-0.085466,-0.062319,0.023357
0.072567,0.064843,0.0013751
0.073579,-0.068081,0.015599
-0.096044,0.072013,0.01046
-0.087031,-0.060911,0.024683
0.073602,0.062936,-0.00033373
0.072781,-0.070232,0.014121
-0.09531,0.073437,0.0091267
-0.08813,-0.059732,0.023582
0.073932,0.061414,-5.8933e-05
0.072456,-0.07128,0.011963
-0.095057,0.073732,0.0079963
-0.088533,-0.058962,0.020018
0.073579,0.060603,0.0019173
0.072551,-0.071259,0.009219
-0.095236,0.072946,0.0070485
-0.088265,-0.058916,0.01435
0.072768,0.060804,0.0049478
0.072971,-0.070488,0.0060828
-0.095752,0.071408,0.0061801
-0.087548,-0.059883,0.0073151
0.071791,0.062068,0.0081304
0.07362,-0.069311,0.0028536
-0.096498,0.069483,0.0051882
-0.086669,-0.061896,-8.8688e-05
0.070858,0.064078,0.01053
0.074425,-0.06793,-0.00014934
-0.097395,0.067396,0.0038521
-0.085829,-0.064613,-0.0068276
0.070008,0.066266,0.011407
0.075342,-0.066419,-0.0026961
-0.098396,0.065254,0.0020418
-0.085062,-0.067431,-0.012061
0.069177,0.068054,0.010334
0.076313,-0.064866,-0.0046799
-0.099442,0.06318,-0.00025064
-0.084306,-0.06974,-0.015264
0.068342,0.06907,0.0072114
0.077194,-0.063491,-0.0060824
-0.10039,0.061427,-0.0029501
-0.083543,-0.071134,-0.016244
0.067645,0.069207,0.0022468
0.077742,-0.062644,-0.0069552
-0.10102,0.060362,-0.0059213
-0.082919,-0.071489,-0.015123
0.067364,0.068578,-0.0040534
0.077702,-0.062676,-0.0074508
-0.10105,0.060343,-0.0089406
-0.082716,-0.070911,-0.012338
0.067753,0.067403,-0.010914
0.07697,-0.063763,-0.0078327
-0.10041,0.061537,-0.011686
-0.083189,-0.069628,-0.0086048
0.068852,0.065915,-0.017402
0.075703,-0.065771,-0.0083958
-0.099227,0.063793,-0.013812
-0.084376,-0.067893,-0.004806
0.07041,0.064293,-0.022608
0.07426,-0.068233,-0.0093355
-0.097872,0.066618,-0.01508
-0.086022,-0.065908,-0.001807
0.071981,0.062664,-0.025816
0.073015,-0.070491,-0.010674
-0.096714,0.069328,-0.015428
-0.087679,-0.063827,-0.00028642
0.07311,0.061185,-0.026603
0.072199,-0.071955,-0.0123
-0.09598,0.071311,-0.014937
-0.088891,-0.06183,-0.00063471
0.073509,0.060135,-0.024892
0.071869,-0.072351,-0.014043
-0.095732,0.07227,-0.013753
-0.089372,-0.060216,-0.0029042
0.07315,0.059897,-0.021001
0.07197,-0.071771,-0.015692
-0.095914,0.072281,-0.012078
-0.089094,-0.059387,-0.0067686
0.072257,0.060781,-0.015631
0.072393,-0.070521,-0.016956
-0.096416,0.07164,-0.010199
-0.08828,-0.059662,-0.011524
0.071168,0.062779,-0.0097473
0.073021,-0.068868,-0.017492
-0.097119,0.07061,-0.0084707
-0.087266,-0.061037,-0.016215
0.070149,0.065484,-0.0043276
0.073786,-0.066921,-0.017018
-0.097954,0.069297,-0.0071893
-0.086317,-0.063108,-0.01988
0.069277,0.068265,-0.00014318
0.074673,-0.064718,-0.015426
-0.098907,0.067737,-0.0064891
-0.085512,-0.065245,-0.021772
0.068481,0.070546,0.0023453
0.075653,-0.062407,-0.012793
-0.099954,0.066071,-0.0063342
-0.084782,-0.066882,-0.021472
0.067704,0.072017,0.0029942
0.076591,-0.060332,-0.0093217
-0.10096,0.064625,-0.0065767
-0.084076,-0.067723,-0.018893
0.067042,0.072634,0.0019662
0.077226,-0.058957,-0.005321
-0.10168,0.06384,-0.0069808
-0.083492,-0.067751,-0.014268
0.066731,0.072505,-0.00028041
0.077276,-0.058674,-0.0012073
-0.10181,0.06408,-0.0072133
-0.083266,-0.067099,-0.0081401
0.067001,0.071755,-0.0030542
0.076622,-0.059616,0.0025381
-0.10125,0.06545,-0.0068824
-0.083626,-0.065921,-0.0012901
0.067914,0.070478,-0.0055649
0.075406,-0.061569,0.0054951
-0.10012,0.067714,-0.0056613
-0.084629,-0.064333,0.0053988
0.069298,0.068769,-0.0070796
0.073976,-0.064028,0.0074346
-0.098774,0.070354,-0.0034166
-0.086097,-0.062443,0.011098
0.070798,0.066785,-0.0070402
0.0727,-0.066369,0.0083536
-0.097574,0.072743,-0.00024278
-0.087672,-0.06041,0.015151
0.068344,0.0655,-0.019986
0.071753,-0.067935,0.0084533
-0.09696,0.07422,0.0036603
-0.089102,-0.05907,0.018885
0.068496,0.0655,-0.01949
0.071435,-0.068569,0.0079567
-0.096745,0.074622,0.0080194
-0.089955,-0.058525,0.0222
0.068648,0.0655,-0.019002
0.071633,-0.068256,0.0071837
-0.097085,0.073936,0.012465
-0.090236,-0.058833,0.025036
0.0688,0.0655,-0.01852
0.072362,-0.067115,0.0065086
-0.097902,0.072284,0.016575
-0.089869,-0.059998,0.027372
0.068952,0.0655,-0.018047
0.073498,-0.065351,0.0063017
-0.099128,0.06988,0.019935
-0.088968,-0.061967,0.029216
0.069104,0.0655,-0.01758
0.07491,-0.06321,0.0068662
-0.10062,0.066977,0.022203
-0.087688,-0.064622,0.030588
0.069256,0.0655,-0.017121
0.076444,-0.060929,0.0083839
-0.10223,0.063831,0.023162
-0.086233,-0.067786,0.031508
0.069408,0.0655,-0.016669
0.07799,-0.058737,0.010877
-0.10385,0.060689,0.022765
-0.084783,-0.071242,0.031997
0.06956,0.0655,-0.016224
0.079475,-0.05685,0.01419
-0.10542,0.057794,0.021148
-0.083477,-0.074749,0.032088
0.069712,0.0655,-0.015787
0.080838,-0.055462,0.017994
-0.10687,0.055364,0.018623
-0.082399,-0.078052,0.031827
0.069864,0.0655,-0.015358
0.081989,-0.054704,0.021832
-0.10812,0.053559,0.01564
-0.081592,-0.080886,0.031284
0.070016,0.0655,-0.014935
0.082797,-0.054613,0.025186
-0.10902,0.052443,0.012708
-0.081063,-0.082997,0.030547
0.070168,0.0655,-0.01452
0.083115,-0.055128,0.027576
-0.10943,0.051976,0.010304
-0.080808,-0.084166,0.029714
0.07032,0.0655,-0.014112
0.08283,-0.056133,0.028633
-0.10925,0.052064,0.0087973
-0.080828,-0.08426,0.028866
0.070472,0.0655,-0.013712
0.081917,-0.057523,0.028151
-0.10843,0.052617,0.0083953
-0.081139,-0.083267,0.028032
0.070624,0.0655,-0.013319
0.080474,-0.059244,0.026113
-0.10708,0.05359,0.0091255
-0.081769,-0.081319,0.027176
0.070776,0.0655,-0.012933
0.078713,-0.061286,0.022693
-0.10542,0.054979,0.010829
-0.082727,-0.078679,0.026204
0.070928,0.0655,-0.012555
0.076906,-0.063632,0.018241
-0.1037,0.056768,0.013174
-0.083967,-0.075691,0.025008
0.07108,0.0655,-0.012184
0.075296,-0.066197,0.013247
-0.10218,0.058873,0.015691
-0.085377,-0.072705,0.023505
0.071232,0.0655,-0.01182
0.074022,-0.06881,0.0082672
-0.10099,0.061117,0.017845
-0.086803,-0.070004,0.021664
0.071384,0.0655,-0.011464
0.073087,-0.07123,0.0038328
-0.10013,0.063257,0.019131
-0.088089,-0.067776,0.0195
0.071536,0.0655,-0.011115
0.072399,-0.073194,0.00036798
-0.099523,0.065027,0.01915
-0.089104,-0.066117,0.01705
0.071688,0.0655,-0.010773
0.071861,-0.074477,-0.0018686
-0.099065,0.066203,0.017678
-0.08975,-0.065073,0.014364
0.07184,0.0655,-0.010439
0.071459,-0.074925,-0.0028094
-0.098746,0.066634,0.014685
-0.089957,-0.064679,0.011489
0.071992,0.0655,-0.010112
0.071286,-0.074482,-0.0025809
-0.098662,0.066268,0.010343
-0.089684,-0.064972,0.008468
0.072144,0.0655,-0.0097923
0.071509,-0.073193,-0.0014904
-0.098976,0.065156,0.0050045
-0.08894,-0.065976,0.0053293
0.072296,0.0655,-0.0094801
0.072269,-0.071196,1.2427e-05
-0.099827,0.06344,-0.00083332
-0.087807,-0.067664,0.0020929
0.072448,0.0655,-0.0091752
0.073595,-0.068698,0.0014031
-0.10124,0.061323,-0.0065984
-0.086443,-0.069924,-0.0012158
0.0726,0.0655,-0.0088776
0.07536,-0.065922,0.0021684
-0.10308,0.059023,-0.011729
-0.085045,-0.072545,-0.0045463
0.072752,0.0655,-0.0085874
0.077314,-0.063077,0.0018881
-0.10509,0.056737,-0.015757
-0.083792,-0.07524,-0.0078182
0.072904,0.0655,-0.0083046
0.079163,-0.060345,0.00029557
-0.107,0.054637,-0.018365
-0.082798,-0.077704,-0.01094
0.073056,0.0655,-0.008029
0.080659,-0.057904,-0.0026865
-0.10854,0.052892,-0.019429
-0.082097,-0.079679,-0.01384
0.073208,0.0655,-0.0077609
0.08165,-0.055953,-0.0069269
-0.10959,0.051691,-0.019035
-0.081668,-0.081001,-0.01649
0.07336,0.0655,-0.0075001
0.082088,-0.054691,-0.012086
-0.11008,0.051229,-0.017486
-0.081471,-0.081595,-0.018899
0.073512,0.0655,-0.0072466
0.081992,-0.054263,-0.017645
-0.11006,0.051647,-0.015267
-0.081475,-0.081446,-0.0211
0.073664,0.0655,-0.0070005
0.081415,-0.054689,-0.022982
-0.10957,0.052961,-0.012968
-0.081671,-0.080562,-0.023132
0.073816,0.0655,-0.0067617
0.080408,-0.05584,-0.027484
-0.10865,0.055037,-0.011176
-0.082076,-0.078956,-0.025036
0.073968,0.0655,-0.0065303
0.079028,-0.057474,-0.030649
-0.10736,0.057628,-0.010365
-0.082727,-0.076667,-0.026838
0.07412,0.0655,-0.0063062
0.077359,-0.059323,-0.03216
-0.10578,0.060454,-0.010826
-0.083658,-0.073798,-0.028536
0.074272,0.0655,-0.0060894
0.075549,-0.061158,-0.031913
-0.10406,0.063273,-0.012641
-0.084868,-0.070549,-0.030069
0.074424,0.0655,-0.0058801
0.073815,-0.062817,-0.030026
-0.10241,0.065905,-0.015677
-0.086281,-0.067213,-0.031331
0.074576,0.0655,-0.005678
0.072405,-0.064196,-0.026829
-0.10107,0.068219,-0.019588
-0.087726,-0.064126,-0.032203
0.074728,0.0655,-0.0054833
0.071512,-0.065218,-0.022844
-0.10024,0.070111,-0.023844
-0.088982,-0.061595,-0.0326
0.07488,0.0655,-0.005296
0.07119,-0.065813,-0.01871
-0.09997,0.07148,-0.027795
-0.089843,-0.059831,-0.032504
0.075032,0.0655,-0.005116
0.071329,-0.065918,-0.015069
-0.10016,0.07223,-0.030789
-0.090198,-0.058917,-0.031942
0.075184,0.0655,-0.0049433
0.071722,-0.065481,-0.012454
-0.1006,0.072288,-0.032291
-0.090049,-0.058827,-0.030954
0.075336,0.0655,-0.004778
0.072186,-0.064484,-0.011194
-0.10111,0.071619,-0.031977
-0.089476,-0.059476,-0.029569
0.075488,0.0655,-0.0046201
0.072671,-0.062974,-0.011387
-0.10167,0.070268,-0.029769
-0.088584,-0.060771,-0.027809
0.07564,0.0655,-0.0044694
0.073278,-0.061081,-0.012877
-0.10235,0.068372,-0.025851
-0.087482,-0.062635,-0.025696
0.075792,0.0655,-0.0043262
0.074176,-0.059013,-0.01528
-0.10335,0.066157,-0.020647
-0.086276,-0.064979,-0.023259
0.075944,0.0655,-0.0041903
0.075465,-0.057011,-0.018022
-0.10473,0.063883,-0.014775
-0.085081,-0.067662,-0.020537
0.076096,0.0655,-0.0040617
0.077071,-0.055272,-0.020444
-0.10644,0.06177,-0.0089378
-0.08402,-0.070458,-0.01759
0.076248,0.0655,-0.0039405
0.078744,-0.053901,-0.021917
-0.10821,0.059937,-0.0038057
-0.083192,-0.073063,-0.01451
0.0764,0.0655,-0.0038266
0.080143,-0.052912,-0.021953
-0.1097,0.058415,9.1433e-05
-0.082647,-0.075162,-0.011414
0.076552,0.0655,-0.00372
0.080969,-0.0523,-0.020274
-0.1106,0.057205,0.0024309
-0.082389,-0.076517,-0.0083999
0.076704,0.0655,-0.0036209
0.08107,-0.052113,-0.016835
-0.11078,0.056366,0.0031254
-0.082389,-0.077029,-0.0055136
0.076856,0.0655,-0.003529
0.08048,-0.052485,-0.01184
-0.11027,0.056036,0.0023339
-0.082618,-0.076757,-0.0027392
0.077008,0.0655,-0.0034445
0.079388,-0.053571,-0.0057263
-0.10926,0.05638,0.00045411
-0.083048,-0.075877,-3.074e-05
0.07716,0.0655,-0.0033674
0.078045,-0.055442,0.00087553
-0.108,0.057474,-0.0019236
-0.083651,-0.074603,0.0026478
0.077312,0.0655,-0.0039674
0.07666,-0.057995,0.0072463
-0.10671,0.059223,-0.0041168
-0.084401,-0.073106,0.0053047
0.077464,0.0655,-0.0045674
0.075329,-0.060946,0.012704
-0.10547,0.061356,-0.0054814
-0.085281,-0.07149,0.0079289
0.077616,0.0655,-0.0051674
0.074052,-0.063917,0.016716
-0.10429,0.063506,-0.0055245
-0.086283,-0.069812,0.010498
0.077768,0.0655,-0.0057674
0.072799,-0.066547,0.018963
-0.10314,0.065326,-0.0039691
-0.087376,-0.068142,0.01297
0.07792,0.0655,-0.0063674
0.07161,-0.06858,0.019363
-0.10205,0.066575,-0.0007738
-0.088484,-0.06661,0.015267
0.078072,0.0655,-0.0069674
0.070636,-0.069904,0.018071
-0.10117,0.067154,0.0038645
-0.089459,-0.065413,0.01729
0.078224,0.0655,-0.0075674
0.07009,-0.070526,0.015483
-0.10071,0.06708,0.0095135
-0.090116,-0.064766,0.018959
0.078376,0.0655,-0.0081674
0.070142,-0.070534,0.012203
-0.10085,0.066449,0.015536
-0.090301,-0.064837,0.020251
0.078528,0.0655,-0.0087674
0.070798,-0.070036,0.0089539
-0.10158,0.065368,0.021179
-0.089973,-0.065679,0.021198
0.07868,0.0655,-0.0093674
0.071875,-0.069117,0.0064408
-0.10272,0.063921,0.025705
-0.089225,-0.067206,0.021839
0.078832,0.0655,-0.0099674
0.073087,-0.067822,0.0052183
-0.10399,0.062151,0.028534
-0.088237,-0.069213,0.02218
0.078984,0.0655,-0.010567
0.074194,-0.066195,0.0056035
-0.10516,0.060102,0.029327
-0.087191,-0.071456,0.02219
0.079136,0.0655,-0.011167
0.075115,-0.064339,0.0076439
-0.10615,0.057887,0.028025
-0.08621,-0.073729,0.021842
0.079288,0.0655,-0.011767
0.07593,-0.062453,0.01111
-0.10704,0.055715,0.024857
-0.085356,-0.075896,0.021134
0.07944,0.0655,-0.012367
0.076777,-0.0608,0.015506
-0.10798,0.053864,0.020324
-0.084652,-0.077865,0.020092
0.079592,0.0655,-0.012967
0.077713,-0.059603,0.020129
-0.10901,0.052575,0.015141
-0.084116,-0.079533,0.018755
0.079744,0.0655,-0.013567
0.078636,-0.058958,0.02419
-0.11003,0.051955,0.010107
-0.08377,-0.080739,0.017178
0.079896,0.0655,-0.014167
0.079301,-0.058801,0.026969
-0.11079,0.05195,0.0059556
-0.08364,-0.081283,0.01544
0.080048,0.0655,-0.014767
0.079432,-0.058985,0.027942
-0.11101,0.052415,0.0032261
-0.083749,-0.081001,0.013627
0.0802,0.0655,-0.015367
0.078859,-0.059401,0.026845
-0.11052,0.05324,0.0022029
-0.084111,-0.079846,0.011792
0.080352,0.0655,-0.015967
0.077618,-0.060057,0.023693
-0.10936,0.054425,0.0028974
-0.084722,-0.077946,0.0099297
0.080504,0.0655,-0.016567
0.075957,-0.061055,0.018783
-0.10778,0.056059,0.0050444
-0.085542,-0.075583,0.0079927
0.080656,0.0655,-0.017167
0.074242,-0.062475,0.012673
-0.10615,0.058209,0.0081188
-0.086479,-0.073099,0.0059431
0.080808,0.0655,-0.017767
0.072805,-0.064256,0.0061124
-0.10479,0.060794,0.011403
-0.087413,-0.070786,0.0037916
0.08096,0.0655,-0.018367
0.071798,-0.06615,-8.8182e-05
-0.10385,0.063549,0.014122
-0.088247,-0.068797,0.0015872
0.081112,0.0655,-0.018967
0.071162,-0.067783,-0.0052138
-0.10328,0.066081,0.015591
-0.088936,-0.067152,-0.0006212
0.081264,0.0655,-0.019567
0.070724,-0.068786,-0.0087568
-0.10291,0.068003,0.01534
-0.089477,-0.065808,-0.0028033
0.081416,0.0655,-0.020167
0.070351,-0.068917,-0.010466
-0.10261,0.069059,0.013155
-0.089868,-0.064745,-0.0049298
0.081568,0.0655,-0.020767
0.070068,-0.068125,-0.010351
-0.1024,0.069189,0.0090903
-0.090061,-0.064019,-0.0069505
0.08172,0.0655,-0.021367
0.070058,-0.066559,-0.0086847
-0.10247,0.06853,0.0034644
-0.089978,-0.063757,-0.008807
0.08172,0.0655,-0.02179
0.070542,-0.064501,-0.0059909
-0.10303,0.067356,-0.0031527
-0.08955,-0.064094,-0.01047
0.08172,0.0655,-0.022212
0.07161,-0.062264,-0.0029862
-0.10417,0.065966,-0.0099982
-0.088792,-0.065082,-0.011955
0.08172,0.0655,-0.022634
0.073127,-0.060084,-0.00045214
-0.10575,0.06458,-0.016244
-0.08782,-0.066622,-0.013287
0.08172,0.0655,-0.023056
0.074766,-0.058062,0.00091992
-0.10745,0.063282,-0.02115
-0.086811,-0.068463,-0.014452
0.08172,0.0655,-0.023478
0.076165,-0.056195,0.00065201
-0.10889,0.062052,-0.024191
-0.085925,-0.070279,-0.015384
0.08172,0.0655,-0.023901
0.077091,-0.054477,-0.0014613
-0.10987,0.060873,-0.025119
-0.085256,-0.07178,-0.016004
0.08172,0.0655,-0.024323
0.077521,-0.052994,-0.0053373
-0.11035,0.059826,-0.023984
-0.084831,-0.072798,-0.016275
0.08172,0.0655,-0.024745
0.077605,-0.051934,-0.010604
-0.11051,0.059098,-0.021132
-0.084635,-0.073294,-0.016216
0.08172,0.0655,-0.025167
0.077541,-0.051498,-0.016624
-0.11053,0.058898,-0.017187
-0.084645,-0.073305,-0.015875
0.08172,0.0655,-0.02559
0.077436,-0.05178,-0.02258
-0.11052,0.059326,-0.012951
-0.084849,-0.072867,-0.015305
0.08172,0.0655,-0.026012
0.077239,-0.052702,-0.027628
-0.11042,0.060314,-0.009256
-0.085254,-0.071974,-0.014556
0.08172,0.0655,-0.026434
0.076768,-0.054059,-0.031065
-0.11005,0.061663,-0.0067916
-0.085883,-0.070608,-0.01368
0.08172,0.0655,-0.026856
0.075836,-0.055646,-0.03244
-0.10922,0.063172,-0.0059962
-0.086752,-0.068809,-0.012708
0.08172,0.0655,-0.027279
0.0744,-0.057361,-0.031601
-0.10787,0.064739,-0.0070136
-0.087835,-0.066745,-0.011636
0.08172,0.0655,-0.027701
0.072637,-0.05921,-0.028703
-0.1062,0.066371,-0.0096872
-0.089031,-0.064717,-0.010427
0.08172,0.0655,-0.028123
0.070905,-0.06122,-0.0242
-0.10455,0.06809,-0.013565
-0.090157,-0.06308,-0.0090632
0.08172,0.0655,-0.028545
0.069575,-0.063308,-0.018799
-0.1033,0.069809,-0.017947
-0.091005,-0.062117,-0.0075867
0.08172,0.0655,-0.028967
0.068855,-0.065235,-0.01333
-0.10265,0.071276,-0.022007
-0.091434,-0.061943,-0.0060845
0.08172,0.0655,-0.02939
0.068715,-0.066647,-0.0085799
-0.10257,0.072132,-0.024963
-0.091435,-0.062493,-0.0046248
0.08172,0.0655,-0.029812
0.068967,-0.067211,-0.0051361
-0.10289,0.072041,-0.026237
-0.09111,-0.063597,-0.003213
0.08172,0.0655,-0.030234
0.069436,-0.066742,-0.0033218
-0.10342,0.070824,-0.025521
-0.090587,-0.065072,-0.0018091
0.08172,0.0655,-0.030656
0.070087,-0.065282,-0.003191
-0.10416,0.06854,-0.022789
-0.089959,-0.066802,-0.00038039
0.08172,0.0655,-0.031078
0.071027,-0.063112,-0.0045406
-0.10519,0.065491,-0.018278
-0.089261,-0.068748,0.0010725
0.08172,0.0655,-0.031501
0.072379,-0.060677,-0.0069223
-0.10664,0.062147,-0.012478
-0.088507,-0.070908,0.0025339
0.08172,0.0655,-0.031923
0.074135,-0.05844,-0.0096883
-0.1085,0.058998,-0.0060765
-0.087728,-0.073243,0.0040018
0.08172,0.0655,-0.032345
0.076071,-0.056737,-0.012095
-0.11053,0.056399,0.00014207
-0.086994,-0.075604,0.005483
0.08172,0.0655,-0.032767
0.077795,-0.055692,-0.013447
-0.11233,0.054491,0.0054413
-0.086386,-0.07773,0.0069645
0.08172,0.0655,-0.03319
0.078901,-0.055258,-0.013223
-0.11352,0.053238,0.0092607
-0.085963,-0.079319,0.0083975
0.08172,0.0655,-0.033612
0.079131,-0.055343,-0.01116
-0.11382,0.052559,0.011294
-0.085753,-0.080134,0.0097216
0.08172,0.0655,-0.034034
0.078469,-0.055928,-0.007274
-0.11323,0.052442,0.011515
-0.085768,-0.080091,0.010902
0.08172,0.0655,-0.034456
0.077142,-0.057078,-0.0018603
-0.11199,0.052962,0.010182
-0.086008,-0.079273,0.011944
0.08172,0.0655,-0.034878
0.075513,-0.05885,0.0045342
-0.11045,0.054186,0.0078043
-0.086464,-0.077869,0.012869
0.08172,0.0655,-0.035301
0.07393,-0.061178,0.011186
-0.10897,0.056057,0.0050713
-0.087114,-0.076087,0.013688
0.08172,0.0655,-0.035723
0.07259,-0.063819,0.01732
-0.10773,0.058347,0.0027227
-0.08793,-0.074087,0.014399
0.08172,0.0655,-0.036145
0.071494,-0.066417,0.022248
-0.10674,0.060711,0.001409
-0.088887,-0.071973,0.01499
0.08172,0.0655,-0.036567
0.070516,-0.068629,0.025475
-0.10586,0.062816,0.0015861
-0.089949,-0.069837,0.015443
0.08172,0.0655,-0.03699
0.069542,-0.070229,0.026755
-0.10498,0.064445,0.0034634
-0.091039,-0.06782,0.01572
0.08172,0.0655,-0.037412
0.068591,-0.071155,0.026106
-0.10412,0.065536,0.0069887
-0.09201,-0.06614,0.015767
0.08172,0.0655,-0.037834
0.067833,-0.071466,0.023823
-0.10345,0.066145,0.01184
-0.092666,-0.065056,0.01555
0.08172,0.0655,-0.038256
0.067494,-0.071263,0.02046
-0.10318,0.066364,0.017442
-0.092827,-0.064792,0.015098
0.08172,0.0655,-0.038678
0.067714,-0.070613,0.016753
-0.10346,0.066241,0.023038
-0.092431,-0.065445,0.014494
0.08172,0.0655,-0.039101
0.068453,-0.069505,0.013471
-0.10426,0.065744,0.027837
-0.091578,-0.066932,0.013818
0.08172,0.0655,-0.039523
0.06953,-0.067878,0.011258
-0.10538,0.064788,0.031179
-0.090491,-0.069015,0.013077
0.08172,0.0655,-0.039945
0.070747,-0.065685,0.010513
-0.10664,0.063308,0.032645
-0.089413,-0.071377,0.012196
0.08172,0.0655,-0.040367
0.072002,-0.062986,0.011365
-0.10795,0.061349,0.032098
-0.088523,-0.073715,0.01108
0.08172,0.0655,-0.039101
0.073309,-0.059994,0.013676
-0.10932,0.05912,0.029678
-0.087907,-0.075804,0.0096641
0.08172,0.0655,-0.037834
0.074721,-0.057055,0.017054
-0.1108,0.056962,0.025784
-0.087581,-0.077499,0.0079418
0.08172,0.0655,-0.036567
0.076207,-0.05454,0.020898
-0.11237,0.055253,0.021032
-0.087526,-0.078699,0.0059384
0.08172,0.0655,-0.035301
0.077578,-0.052726,0.024482
-0.11383,0.054267,0.016165
-0.087726,-0.079305,0.0036892
0.08172,0.0655,-0.034034
0.078512,-0.05172,0.027094
-0.11485,0.054112,0.011911
-0.088169,-0.079222,0.0012323
0.08172,0.0655,-0.032767
0.078668,-0.051499,0.02818
-0.11508,0.054759,0.0088432
-0.088853,-0.078399,-0.0013909
0.08172,0.0655,-0.031501
0.077835,-0.052018,0.02744
-0.11433,0.056155,0.0072865
-0.089775,-0.076897,-0.00414
0.08172,0.0655,-0.030234
0.076056,-0.053293,0.024872
-0.11263,0.0583,0.0072713
-0.090903,-0.07493,-0.0069751
0.08172,0.0655,-0.028967
0.073644,-0.05536,0.020767
-0.1103,0.061217,0.0085393
-0.092152,-0.072818,-0.0098382
0.08172,0.0655,-0.027701
0.071094,-0.058135,0.015661
-0.10782,0.064805,0.010589
-0.093374,-0.070873,-0.012633
0.08172,0.0655,-0.026434
0.068884,-0.061293,0.01023
-0.10569,0.068722,0.012779
-0.094404,-0.069289,-0.015235
0.08172,0.0655,-0.025167
0.067302,-0.064275,0.0051511
-0.10418,0.072388,0.014461
-0.09513,-0.068097,-0.017534
0.08172,0.0655,-0.023901
0.066394,-0.066437,0.00098002
-0.10334,0.075142,0.01511
-0.095527,-0.067218,-0.01947
0.08172,0.0655,-0.022634
0.066052,-0.067267,-0.001915
-0.10306,0.076457,0.01439
-0.095624,-0.06656,-0.021029
0.08172,0.0655,-0.021367
0.066184,-0.066551,-0.0033644
-0.10326,0.07611,0.012168
-0.095442,-0.066097,-0.022198
0.08168,0.0655,-0.021
0.066804,-0.064439,-0.003394
-0.10396,0.07425,0.0085097
-0.094956,-0.065896,-0.022937
0.086128,0.074659,0.020974
0.068252,-0.061137,-0.0024548
-0.10526,0.071103,0.0038971
-0.09314,-0.064692,-0.019532
0.083982,0.073705,0.010295
0.069712,-0.058296,-0.00048283
-0.1068,0.068317,-0.0016701
-0.091073,-0.063685,-0.012447
0.082721,0.07386,-0.002476
0.070451,-0.057417,0.0019107
-0.10759,0.06738,-0.007529
-0.089857,-0.063897,-0.0031423
0.083035,0.075177,-0.015103
0.06997,-0.05886,0.0035118
-0.10719,0.068644,-0.012419
-0.090257,-0.065393,0.0061956
0.084664,0.076739,-0.02551
0.068661,-0.061685,0.0033984
-0.10595,0.071171,-0.015372
-0.091949,-0.067253,0.013536
0.086584,0.077323,-0.032428
0.067324,-0.064342,0.001564
-0.10467,0.073421,-0.016335
-0.09393,-0.068244,0.017657
0.087779,0.076159,-0.035317
0.066576,-0.065602,-0.001428
-0.10398,0.074179,-0.015822
-0.095184,-0.067583,0.018067
0.087731,0.073377,-0.033923
0.066578,-0.065198,-0.0051999
-0.10406,0.073189,-0.014167
-0.095211,-0.065386,0.014556
0.086637,0.070059,-0.028243
0.067103,-0.063978,-0.0097295
-0.10468,0.071311,-0.011348
-0.09421,-0.062726,0.0071655
0.085317,0.067766,-0.019063
0.067627,-0.063412,-0.014753
-0.10531,0.07003,-0.0075919
-0.092997,-0.061149,-0.0032817
0.084713,0.067536,-0.00825
0.067633,-0.064495,-0.019271
-0.10541,0.070367,-0.0038622
-0.092491,-0.061663,-0.014883
0.085197,0.069122,0.0018665
0.06704,-0.066881,-0.022022
-0.10489,0.072025,-0.001378
-0.093046,-0.063978,-0.025267
0.086333,0.071226,0.009483
0.066269,-0.069124,-0.022425
-0.10416,0.073613,-0.00067331
-0.094226,-0.066738,-0.032581
0.087232,0.072454,0.013712
0.065889,-0.069744,-0.020781
-0.10382,0.073697,-0.0014075
-0.095162,-0.068501,-0.035901
0.087126,0.072187,0.014222
0.066265,-0.068179,-0.017599
-0.10424,0.07175,-0.0030694
-0.095103,-0.068616,-0.03489
0.085805,0.070889,0.010886
0.067407,-0.065138,-0.013034
-0.10546,0.068483,-0.005541
-0.093853,-0.067543,-0.029461
0.083859,0.069798,0.0040675
0.068835,-0.062276,-0.0071939
-0.10698,0.065533,-0.0087886
-0.092002,-0.066541,-0.02005
0.082412,0.070034,-0.0048882
0.069715,-0.061195,-0.00082998
-0.10797,0.064468,-0.012153
-0.090666,-0.06676,-0.0080947
0.082312,0.071683,-0.013869
0.06949,-0.062347,0.0046877
-0.10785,0.065715,-0.014357
-0.090674,-0.068315,0.0041994
0.083509,0.07375,-0.020887
0.068365,-0.064815,0.0082651
-0.10682,0.06835,-0.014396
-0.091959,-0.070214,0.014755
0.085198,0.074901,-0.024732
0.067073,-0.067044,0.0097511
-0.10559,0.07083,-0.012214
-0.093717,-0.071115,0.02227
0.086434,0.0743,-0.024892
0.066256,-0.067806,0.0096331
-0.10484,0.071942,-0.0083938
-0.095014,-0.070164,0.026131
0.08664,0.072054,-0.021106
0.066152,-0.066832,0.0082864
-0.1048,0.071417,-0.0034009
-0.095284,-0.067469,0.025992
0.085845,0.069247,-0.013343
0.066601,-0.06497,0.0057661
-0.10533,0.070088,0.0026384
-0.09457,-0.064129,0.021747
0.084699,0.067472,-0.0023258
0.067124,-0.063733,0.0023716
-0.10594,0.069434,0.009374
-0.093518,-0.061771,0.014071
0.084072,0.067812,0.010136
0.067185,-0.064209,-0.00085004
-0.1061,0.070503,0.015721
-0.09299,-0.061518,0.0047342
0.084419,0.070031,0.021741
0.066622,-0.066139,-0.0025593
-0.10563,0.072996,0.020298
-0.093428,-0.063175,-0.0040014
0.085475,0.072784,0.030673
0.065783,-0.068092,-0.0020975
-0.10487,0.075451,0.022401
-0.094561,-0.065425,-0.01037
0.086488,0.074592,0.036008
0.065233,-0.068522,0.00024154
-0.10439,0.076306,0.022271
-0.095641,-0.066807,-0.013496
0.086679,0.074733,0.037356
0.065403,-0.066758,0.0038741
-0.10463,0.074882,0.02045
-0.095904,-0.066609,-0.013032
0.08566,0.073593,0.034496
0.06642,-0.063403,0.0085505
-0.10573,0.071775,0.017152
-0.094971,-0.065222,-0.0087937
0.083763,0.072436,0.027625
0.067937,-0.060098,0.014142
-0.10735,0.068619,0.012479
-0.093178,-0.063915,-0.0010033
0.081996,0.072538,0.017911
0.069142,-0.058578,0.019927
-0.10867,0.067156,0.0071374
-0.091519,-0.063961,0.0091528
0.081356,0.074144,0.0073952
0.069308,-0.059475,0.024479
-0.10892,0.068034,0.0025305
-0.090969,-0.065585,0.019614
0.082077,0.076266,-0.0018852
0.068415,-0.061946,0.026539
-0.10809,0.070447,-0.0001112
-0.091753,-0.067765,0.028313
0.083573,0.077466,-0.0086203
0.067104,-0.064401,0.025814
-0.10682,0.072838,-0.0005247
-0.093292,-0.069029,0.03391
0.084962,0.076803,-0.012189
0.066087,-0.065535,0.022793
-0.10584,0.073926,0.00078779
-0.094719,-0.068412,0.03577
0.085575,0.074324,-0.01222
0.065725,-0.064983,0.017997
-0.10553,0.073346,0.0033283
-0.095384,-0.065961,0.033545
0.085227,0.071095,-0.0085263
0.065981,-0.063499,0.01167
-0.10586,0.071836,0.0069076
-0.095109,-0.062758,0.027104
0.084312,0.068749,-0.0016299
0.066475,-0.06257,0.0042655
-0.10645,0.070849,0.011158
-0.094292,-0.06047,0.017053
0.083575,0.068482,0.0068699
0.066679,-0.063351,-0.0030503
-0.10677,0.071507,0.015005
-0.093664,-0.060325,0.0050844
0.083572,0.070176,0.01483
0.066314,-0.065679,-0.0087807
-0.1065,0.073629,0.017038
-0.093763,-0.062226,-0.0065725
0.084278,0.072541,0.020535
0.065574,-0.068155,-0.012057
-0.10585,0.075819,0.016475
-0.09455,-0.064877,-0.016117
0.085161,0.074081,0.023106
0.064949,-0.069176,-0.01299
-0.10528,0.0765,0.01352
-0.095497,-0.066758,-0.022576
0.085517,0.074003,0.022166
0.064908,-0.067951,-0.012088
-0.1053,0.074913,0.0087777
-0.095914,-0.067042,-0.025475
0.084861,0.072606,0.017465
0.065685,-0.064946,-0.0096138
-0.10615,0.071551,0.0025992
-0.09533,-0.066002,-0.02448
0.083296,0.071131,0.0091141
0.067076,-0.06173,-0.0057127
-0.10763,0.067995,-0.0048035
-0.093853,-0.064866,-0.01963
0.081617,0.070948,-0.00185
0.068372,-0.06012,-0.0010928
-0.10903,0.066057,-0.012674
-0.092271,-0.065011,-0.011917
0.080791,0.072446,-0.013472
0.068786,-0.060938,0.0027886
-0.10953,0.066547,-0.019516
-0.091539,-0.066837,-0.0032555
0.081219,0.074671,-0.023725
0.06811,-0.063485,0.0045432
-0.10894,0.068755,-0.023899
-0.092049,-0.0694,0.0043687
0.081876,0.076622,-0.031469
0.066467,-0.067232,0.0056381
-0.1075,0.0655,-0.019986
-0.093701,-0.071775,0.0096625
0.082852,0.077325,-0.036097
0.065294,-0.071358,0.0064098
-0.10728,0.0655,-0.01949
-0.094863,-0.072982,0.012053
0.083249,0.076096,-0.037529
0.064531,-0.075206,0.0073785
-0.10705,0.0655,-0.019002
-0.095584,-0.072333,0.011491
0.08339,0.072749,-0.035911
0.064493,-0.0784,0.00885
-0.10682,0.0655,-0.01852
-0.095859,-0.069627,0.0081343
0.083814,0.06766,-0.031493
0.065016,-0.080826,0.010753
-0.10659,0.0655,-0.018047
-0.096431,-0.065219,0.0022364
0.08531,0.061745,-0.024768
0.065919,-0.082573,0.012772
-0.10636,0.0655,-0.01758
-0.098024,-0.059995,-0.0057221
0.088256,0.056203,-0.016626
0.066944,-0.083855,0.014627
-0.10613,0.0655,-0.017121
-0.10105,-0.055123,-0.014868
0.092341,0.052059,-0.0083177
0.067963,-0.084845,0.016246
-0.10591,0.0655,-0.016669
-0.1052,-0.051591,-0.02396
0.096541,0.049721,-0.0011966
0.068984,-0.085529,0.017734
-0.10568,0.0655,-0.016224
-0.10945,-0.049782,-0.031642
0.099526,0.04892,0.0036483
0.070097,-0.085714,0.01922
-0.10545,0.0655,-0.015787
-0.11249,-0.049407,-0.036814
0.1002,0.049134,0.005617
0.071367,-0.085246,0.020768
-0.10522,0.0655,-0.015358
-0.11321,-0.049934,-0.038868
0.098098,0.050201,0.0045791
0.0728,-0.084263,0.022389
-0.10499,0.0655,-0.014935
-0.11118,-0.051196,-0.037673
0.093628,0.052539,0.00079471
0.074266,-0.083248,0.024036
-0.10476,0.0655,-0.01452
-0.10679,-0.053613,-0.0335
0.08799,0.056728,-0.0050681
0.075418,-0.082768,0.02552
-0.10454,0.0655,-0.014112
-0.10124,-0.057769,-0.027035
0.082744,0.06279,-0.011975
0.075802,-0.083066,0.026495
-0.10431,0.0655,-0.013712
-0.096093,-0.063698,-0.019333
0.07908,0.069833,-0.018778
0.075176,-0.083879,0.026645
-0.10408,0.0655,-0.013319
-0.092537,-0.070529,-0.011553
0.07733,0.076357,-0.024531
0.073736,-0.084664,0.02594
-0.10385,0.0655,-0.012933
-0.090894,-0.076786,-0.0046405
0.077043,0.080879,-0.028658
0.071985,-0.084962,0.024702
-0.10362,0.0655,-0.012555
-0.090707,-0.081015,0.00083686
0.077489,0.082444,-0.030869
0.0704,-0.084572,0.023402
-0.1034,0.0655,-0.012184
-0.091244,-0.082276,0.0045971
0.078181,0.080782,-0.030951
0.069179,-0.083501,0.022315
-0.10317,0.0655,-0.01182
-0.092022,-0.080313,0.0064216
0.079116,0.076275,-0.028636
0.068218,-0.081904,0.021331
-0.10294,0.0655,-0.011464
-0.093039,-0.07551,0.0060279
0.080665,0.069913,-0.023726
0.067216,-0.080128,0.020044
-0.10271,0.0655,-0.011115
-0.094669,-0.068853,0.0031922
0.083215,0.063154,-0.016393
0.065875,-0.07874,0.018057
-0.10248,0.0655,-0.010773
-0.097295,-0.061793,-0.0019444
0.086758,0.057521,-0.0074041
0.064113,-0.078334,0.015286
-0.10225,0.0655,-0.010439
-0.10091,-0.055837,-0.0086456
0.090706,0.054032,0.0019575
0.062141,-0.079163,0.011989
-0.10203,0.0655,-0.010112
-0.10491,-0.05199,-0.015655
0.094084,0.052834,0.010268
0.060321,-0.080883,0.0084936
-0.1018,0.0655,-0.0097923
-0.10835,-0.050394,-0.021568
0.09598,0.053321,0.016399
0.058934,-0.082682,0.0048904
-0.10157,0.0655,-0.0094801
-0.11032,-0.050441,-0.025276
0.095928,0.054657,0.01974
0.058114,-0.083688,0.00099118
-0.10134,0.0655,-0.0091752
-0.11034,-0.051297,-0.026189
0.094033,0.056281,0.020133
0.057964,-0.083329,-0.003454
-0.10111,0.0655,-0.0088777
-0.10852,-0.052411,-0.024166
0.090884,0.058064,0.017731
0.058671,-0.081473,-0.008511
-0.10089,0.0655,-0.0085874
-0.10546,-0.053663,-0.019382
0.087361,0.060126,0.012971
0.06046,-0.078386,-0.013976
-0.10066,0.0655,-0.0083046
-0.10203,-0.055189,-0.012284
0.084363,0.06257,0.0065774
0.063442,-0.074601,-0.019465
-0.10043,0.0655,-0.0080291
-0.099122,-0.057106,-0.0036058
0.08251,0.065321,-0.00049585
0.067497,-0.07073,-0.024572
-0.1002,0.0655,-0.0077609
-0.097363,-0.059356,0.0056961
0.081938,0.068152,-0.0072329
0.072279,-0.067293,-0.028992
-0.099974,0.0655,-0.0075001
-0.096884,-0.061726,0.014606
0.082292,0.070819,-0.012757
0.077299,-0.064622,-0.032558
-0.099745,0.0655,-0.0072466
-0.097327,-0.063984,0.022246
0.082917,0.07319,-0.016489
0.082025,-0.062849,-0.035227
-0.099517,0.0655,-0.0070005
-0.098039,-0.066006,0.02803
0.083165,0.075261,-0.018184
0.085946,-0.061962,-0.037034
-0.099289,0.0655,-0.0067617
-0.098373,-0.067792,0.031703
0.082665,0.077063,-0.017842
0.088604,-0.06187,-0.038035
-0.099061,0.0655,-0.0065303
-0.097958,-0.06938,0.033251
0.081419,0.078538,-0.015586
0.089629,-0.062465,-0.038262
-0.098833,0.0655,-0.0063062
-0.096796,-0.070714,0.032782
0.079743,0.079459,-0.0116
0.088805,-0.063667,-0.037677
-0.098604,0.0655,-0.0060895
-0.095204,-0.071569,0.030464
0.078135,0.079477,-0.0061419
0.086152,-0.065464,-0.03617
-0.098376,0.0655,-0.0058801
-0.09368,-0.071599,0.026535
0.077142,0.078268,0.00041487
0.081984,-0.067926,-0.033615
-0.098148,0.0655,-0.005678
-0.092769,-0.070483,0.021352
0.077239,0.075718,0.0075601
0.076888,-0.071151,-0.029957
-0.09792,0.0655,-0.0054834
-0.092947,-0.068106,0.015405
0.078716,0.072011,0.014678
0.071603,-0.075146,-0.025307
-0.097692,0.0655,-0.005296
-0.094508,-0.064652,0.0092874
0.081579,0.067586,0.02112
0.066827,-0.079705,-0.019965
-0.097463,0.0655,-0.005116
-0.097453,-0.060549,0.0036247
0.085497,0.062965,0.026284
0.063036,-0.084393,-0.014382
-0.097235,0.0655,-0.0049434
-0.10145,-0.05631,-0.0010077
0.089861,0.058578,0.029687
0.060374,-0.088634,-0.0090529
-0.097007,0.0655,-0.004778
-0.1059,-0.052348,-0.0041513
0.09394,0.05468,0.031005
0.058689,-0.091867,-0.0043972
-0.096779,0.0655,-0.0046201
-0.11006,-0.048898,-0.0055027
0.097061,0.051405,0.030091
0.057673,-0.093682,-0.00065002
-0.096551,0.0655,-0.0044695
-0.11325,-0.046078,-0.0049264
0.098755,0.048911,0.026983
0.057041,-0.093888,0.0021763
-0.096323,0.0655,-0.0043262
-0.11502,-0.044027,-0.0024644
0.098824,0.047481,0.021937
0.056645,-0.092512,0.0042481
-0.096094,0.0655,-0.0041903
-0.11515,-0.043017,0.0016343
0.097357,0.047494,0.015462
0.056493,-0.089761,0.0058088
-0.095866,0.0655,-0.0040617
-0.11375,-0.043418,0.0068773
0.094701,0.049249,0.0083002
0.056687,-0.085949,0.0070758
-0.095638,0.0655,-0.0039405
-0.11116,-0.045527,0.012543
0.091346,0.052773,0.0013143
0.057346,-0.081405,0.0081908
-0.09541,0.0655,-0.0038266
-0.10786,-0.049371,0.017791
0.087766,0.057744,-0.0046864
0.058571,-0.076403,0.0092307
-0.095182,0.0655,-0.0037201
-0.10434,-0.054636,0.021836
0.084294,0.063576,-0.0090859
0.060435,-0.071166,0.010235
-0.094953,0.0655,-0.0036209
-0.10094,-0.060748,0.024082
0.081093,0.069584,-0.011511
0.062962,-0.065921,0.011197
-0.094725,0.0655,-0.003529
-0.097812,-0.067038,0.024177
0.078238,0.075113,-0.011812
0.066065,-0.060962,0.012033
-0.094497,0.0655,-0.0034445
-0.095036,-0.072872,0.021992
0.075816,0.079609,-0.010032
0.069455,-0.056649,0.012562
-0.094269,0.0655,-0.0033674
-0.092698,-0.077716,0.017589
0.073999,0.08265,-0.0064164
0.072617,-0.053342,0.01257
-0.094041,0.0655,-0.0039674
-0.090967,-0.08116,0.011233
0.073036,0.083982,-0.0014529
0.0749,-0.051325,0.011931
-0.093812,0.0655,-0.0045674
-0.090092,-0.082964,0.0034286
0.073143,0.083572,0.0041126
0.07576,-0.050771,0.010702
-0.093584,0.0655,-0.0051674
-0.090285,-0.083095,-0.005061
0.074343,0.081615,0.0093641
0.075004,-0.051746,0.0091092
-0.093356,0.0655,-0.0057674
-0.091565,-0.081742,-0.013303
0.076369,0.078443,0.013401
0.072887,-0.054184,0.0074052
-0.093128,0.0655,-0.0063674
-0.093666,-0.079221,-0.020377
0.078753,0.074382,0.01552
0.069967,-0.057864,0.0057288
-0.0929,0.0655,-0.0069674
-0.096118,-0.075835,-0.025554
0.08105,0.069653,0.015291
0.066835,-0.062431,0.004076
-0.092671,0.0655,-0.0075674
-0.098478,-0.071782,-0.028379
0.083067,0.064434,0.012539
0.06391,-0.067516,0.0023846
-0.092443,0.0655,-0.0081674
-0.10056,-0.06721,-0.028645
0.084931,0.059011,0.007324
0.061396,-0.072841,0.00062853
-0.092215,0.0655,-0.0087674
-0.10249,-0.062381,-0.026381
0.086944,0.053891,-1.6851e-05
0.059361,-0.078249,-0.0011612
-0.091987,0.0655,-0.0093674
-0.10457,-0.057778,-0.021896
0.089314,0.049727,-0.0088049
0.057821,-0.083606,-0.0029343
-0.091759,0.0655,-0.0099674
-0.10702,-0.054039,-0.015839
0.091933,0.047068,-0.018053
0.056779,-0.088678,-0.0046324
-0.091531,0.0655,-0.010567
-0.10972,-0.051699,-0.0091661
0.094354,0.046085,-0.02664
0.056199,-0.093064,-0.0061315
-0.091302,0.0655,-0.011167
-0.11224,-0.050923,-0.0029624
0.09598,0.046492,-0.033566
0.055984,-0.096261,-0.007176
-0.091074,0.0655,-0.011767
-0.11397,-0.051421,0.001814
0.096304,0.047745,-0.03815
0.056012,-0.097815,-0.0074072
-0.090846,0.0655,-0.012367
-0.1144,-0.052649,0.0045222
0.095091,0.049364,-0.040061
0.056244,-0.097456,-0.0065028
-0.090618,0.0655,-0.012967
-0.11329,-0.054132,0.0048618
0.092459,0.051165,-0.039234
0.056819,-0.095152,-0.004338
-0.09039,0.0655,-0.013567
-0.11075,-0.055693,0.0027868
0.088875,0.05325,-0.035819
0.058037,-0.091142,-0.0010696
-0.090161,0.0655,-0.014167
-0.10725,-0.057447,-0.0015519
0.085073,0.055822,-0.030201
0.060203,-0.08593,0.0029033
-0.089933,0.0655,-0.014767
-0.10353,-0.059608,-0.007782
0.081846,0.058958,-0.023031
0.06343,-0.080203,0.0070832
-0.089705,0.0655,-0.015367
-0.10037,-0.062266,-0.015273
0.07977,0.062498,-0.015174
0.067527,-0.074662,0.011039
-0.089477,0.0655,-0.015967
-0.098354,-0.065266,-0.023179
0.078984,0.066114,-0.0075682
0.07205,-0.069836,0.014506
-0.089249,0.0655,-0.016567
-0.097624,-0.068282,-0.030575
0.079159,0.069473,-0.0010339
0.076454,-0.065993,0.017382
-0.08902,0.0655,-0.017167
-0.097857,-0.070987,-0.036645
0.079677,0.072383,0.0038707
0.080238,-0.063153,0.019666
-0.088792,0.0655,-0.017767
-0.098441,-0.073192,-0.04083
0.079922,0.074805,0.0068813
0.083015,-0.061196,0.021393
-0.088564,0.0655,-0.018367
-0.098759,-0.07487,-0.042867
0.079519,0.076755,0.0079517
0.084511,-0.059974,0.022577
-0.088336,0.0655,-0.018967
-0.098437,-0.076049,-0.042719
0.078437,0.078175,0.0071536
0.084534,-0.059398,0.023196
-0.088108,0.0655,-0.019567
-0.097442,-0.076688,-0.040466
0.07696,0.078875,0.004634
0.082989,-0.059485,0.023173
-0.087879,0.0655,-0.020167
-0.096055,-0.076614,-0.036271
0.075576,0.07857,0.00064139
0.07994,-0.060352,0.022394
-0.087651,0.0655,-0.020767
-0.094764,-0.075563,-0.030401
0.07485,0.07703,-0.0044279
0.075675,-0.062172,0.020749
-0.087423,0.0655,-0.021367
-0.094134,-0.073323,-0.023268
0.075273,0.074231,-0.010019
0.070728,-0.065076,0.018205
-0.087423,0.0655,-0.02179
-0.094655,-0.069888,-0.01544
0.077119,0.07043,-0.01547
0.065777,-0.069017,0.014871
-0.087423,0.0655,-0.022212
-0.096597,-0.065524,-0.0075874
0.080324,0.066094,-0.020105
0.061469,-0.073686,0.011014
-0.087423,0.0655,-0.022634
-0.099897,-0.060701,-0.00039111
0.084477,0.061722,-0.023326
0.058222,-0.078538,0.0070111
-0.087423,0.0655,-0.023056
-0.10414,-0.05591,0.0055484
0.088901,0.057691,-0.024671
0.056131,-0.082919,0.0032499
-0.087423,0.0655,-0.023478
-0.10865,-0.051513,0.0097679
0.09284,0.054205,-0.023854
0.055008,-0.086259,1.0194e-05
-0.087423,0.0655,-0.023901
-0.11267,-0.047701,0.011969
0.095639,0.0514,-0.02077
0.054544,-0.088212,-0.0026174
-0.087423,0.0655,-0.024323
-0.11554,-0.044595,0.01203
0.09687,0.049495,-0.015526
0.054479,-0.088712,-0.0047357
-0.087423,0.0655,-0.024745
-0.11684,-0.042402,0.010033
0.096388,0.048873,-0.0084917
0.054687,-0.087945,-0.0065582
-0.087423,0.0655,-0.025167
-0.11643,-0.041501,0.0063174
0.094352,0.049976,-0.00033766
0.05516,-0.086261,-0.0082851
-0.087423,0.0655,-0.02559
-0.11447,-0.042332,0.0015195
0.091179,0.053069,0.0080171
0.055929,-0.084041,-0.010021
-0.087423,0.0655,-0.026012
-0.11138,-0.045168,-0.003476
0.087431,0.058023,0.015582
0.057021,-0.081562,-0.011783
-0.087423,0.0655,-0.026434
-0.10771,-0.049895,-0.0077126
0.083637,0.06426,0.021513
0.058462,-0.078943,-0.013576
-0.087423,0.0655,-0.026856
-0.10401,-0.055958,-0.010383
0.080166,0.070884,0.025265
0.060311,-0.0762,-0.015436
-0.087423,0.0655,-0.027279
-0.10064,-0.062493,-0.010974
0.077191,0.076889,0.026612
0.062647,-0.073348,-0.01739
-0.087423,0.0655,-0.027701
-0.097757,-0.068524,-0.0092939
0.074773,0.081352,0.025582
0.065494,-0.070465,-0.019358
-0.087423,0.0655,-0.028123
-0.095429,-0.073159,-0.0053941
0.073003,0.083608,0.022365
0.068697,-0.067695,-0.021078
-0.087423,0.0655,-0.028545
-0.093744,-0.075749,0.00051587
0.072135,0.083392,0.017295
0.071839,-0.065217,-0.022156
-0.087423,0.0655,-0.028967
-0.092958,-0.076037,0.0080964
0.072579,0.080967,0.010908
0.074278,-0.063259,-0.022242
-0.087423,0.0655,-0.02939
-0.093478,-0.074271,0.01681
0.074635,0.077105,0.0040241
0.075398,-0.062119,-0.021241
-0.087423,0.0655,-0.029812
-0.095601,-0.071198,0.025838
0.078095,0.072829,-0.0023156
0.074941,-0.062097,-0.019368
-0.087423,0.0655,-0.030234
-0.099118,-0.067806,0.034136
0.082082,0.068954,-0.0070711
0.073162,-0.063293,-0.016972
-0.087423,0.0655,-0.030656
-0.10315,-0.064872,0.04065
0.085375,0.065745,-0.0094457
0.070632,-0.065465,-0.014307
-0.087423,0.0655,-0.031078
-0.10649,-0.062632,0.044559
0.087043,0.062988,-0.008964
0.067893,-0.068147,-0.011451
-0.087423,0.0655,-0.031501
-0.1082,-0.060844,0.045368
0.086913,0.060401,-0.0054158
0.065255,-0.070942,-0.0084064
-0.087423,0.0655,-0.031923
-0.10813,-0.059209,0.042848
0.085609,0.058008,0.0011149
0.062827,-0.073713,-0.0052013
-0.087423,0.0655,-0.032345
-0.10689,-0.057735,0.037074
0.084199,0.05617,0.010066
0.060614,-0.076522,-0.0018769
-0.087423,0.0655,-0.032767
-0.10556,-0.056771,0.028607
0.08364,0.055301,0.020294
0.058628,-0.079416,0.0015597
-0.087423,0.0655,-0.03319
-0.10509,-0.05673,0.018588
0.084306,0.055516,0.030268
0.056948,-0.082227,0.005075
-0.087423,0.0655,-0.033612
-0.10587,-0.057733,0.0085326
0.08586,0.05648,0.0385
0.055704,-0.084544,0.0084673
-0.087423,0.0655,-0.034034
-0.10754,-0.059452,-9.7131e-05
0.087477,0.057544,0.04392
0.054978,-0.085855,0.011333
-0.087423,0.0655,-0.034456
-0.10926,-0.061243,-0.0062624
0.088267,0.05809,0.045976
0.054759,-0.085767,0.01325
-0.087423,0.0655,-0.034878
-0.11015,-0.062485,-0.0094335
0.08767,0.057857,0.044467
0.055012,-0.08418,0.014051
-0.087423,0.0655,-0.035301
-0.10964,-0.062916,-0.0094127
0.085692,0.057105,0.039385
0.055723,-0.081375,0.013958
-0.087423,0.0655,-0.035723
-0.10774,-0.062787,-0.0061713
0.082946,0.056523,0.031003
0.056818,-0.078008,0.013435
-0.087423,0.0655,-0.036145
-0.10507,-0.062779,5.6389e-05
0.080436,0.056879,0.020132
0.05805,-0.074907,0.012858
-0.087423,0.0655,-0.036567
-0.10261,-0.063649,0.0085091
0.079058,0.058568,0.0081863
0.059077,-0.072704,0.012265
-0.087423,0.0655,-0.03699
-0.10128,-0.065777,0.017824
0.079087,0.061361,-0.0031463
0.059693,-0.071539,0.011443
-0.087423,0.0655,-0.037412
-0.10135,-0.068918,0.026349
0.08003,0.064525,-0.012404
0.059967,-0.071068,0.010258
-0.087423,0.0655,-0.037834
-0.10234,-0.07233,0.032652
0.080936,0.067191,-0.018698
0.060154,-0.070718,0.0088426
-0.087423,0.0655,-0.038256
-0.10331,-0.075141,0.035868
0.080956,0.068715,-0.021684
0.060495,-0.070029,0.0074608
-0.087423,0.0655,-0.038678
-0.1034,-0.076712,0.035683
0.07978,0.068865,-0.021293
0.061074,-0.068885,0.0062222
-0.087423,0.0655,-0.039101
-0.1023,-0.076818,0.032063
0.077805,0.067825,-0.017594
0.061755,-0.067575,0.0049597
-0.087423,0.0655,-0.039523
-0.10041,-0.075653,0.025111
0.075985,0.066104,-0.01097
0.062186,-0.066685,0.0034072
-0.087423,0.0655,-0.039945
-0.098679,-0.073735,0.015237
0.075372,0.064352,-0.0023706
0.061966,-0.06683,0.0015061
-0.087423,0.0655,-0.040367
-0.098159,-0.071719,0.0034163
0.076516,0.063092,0.0067142
0.060939,-0.068344,-0.0004935
-0.087423,0.0655,-0.039101
-0.099393,-0.070133,-0.0088441
0.079127,0.062481,0.014653
0.05935,-0.07108,-0.0022735
-0.087423,0.0655,-0.037834
-0.10209,-0.069133,-0.019896
0.082241,0.062234,0.020156
0.057687,-0.074416,-0.0037808
-0.087423,0.0655,-0.036567
-0.10528,-0.068428,-0.028434
0.084759,0.061786,0.022533
0.056349,-0.07753,-0.005302
-0.087423,0.0655,-0.035301
-0.10787,-0.067447,-0.033742
0.085994,0.060636,0.021571
0.055482,-0.079754,-0.0072041
-0.087423,0.0655,-0.034034
-0.10918,-0.065684,-0.035582
0.085904,0.058659,0.017287
0.055049,-0.080809,-0.0096169
-0.087423,0.0655,-0.032767
-0.10916,-0.063012,-0.033941
0.085032,0.056245,0.009873
0.054947,-0.080829,-0.012344
-0.087423,0.0655,-0.031501
-0.10837,-0.059818,-0.028981
0.08422,0.054173,-9.1832e-05
0.055045,-0.080234,-0.015047
-0.087423,0.0655,-0.030234
-0.10764,-0.056891,-0.021255
0.08418,0.053248,-0.011461
0.055201,-0.079485,-0.017507
-0.087423,0.0655,-0.028967
-0.1077,-0.055045,-0.011886
0.08511,0.05386,-0.022651
0.055344,-0.078815,-0.019702
-0.087423,0.0655,-0.027701
-0.10873,-0.05469,-0.0024233
0.08656,0.055774,-0.032062
0.055517,-0.078084,-0.021649
-0.087423,0.0655,-0.026434
-0.1103,-0.055618,0.0055719
0.087646,0.058294,-0.038518
0.055829,-0.076885,-0.023224
-0.087423,0.0655,-0.025167
-0.1115,-0.057161,0.010967
0.087486,0.060715,-0.041429
0.056389,-0.07483,-0.024202
-0.087423,0.0655,-0.023901
-0.11144,-0.058637,0.013211
0.08564,0.062726,-0.04063
0.057282,-0.07183,-0.024465
-0.087423,0.0655,-0.022634
-0.1097,-0.059762,0.012156
0.082353,0.064523,-0.036199
0.058526,-0.068226,-0.024134
-0.087423,0.0655,-0.021367
-0.1065,-0.060752,0.0078829
0.078551,0.066567,-0.028533
0.059947,-0.064704,-0.023459
-0.087463,0.0655,-0.021
-0.10279,-0.062086,0.00076681
0.075518,0.069857,-0.017993
0.061851,-0.061279,-0.021291
-0.085275,0.066301,-0.0052995
-0.098942,-0.064835,-0.0085966
0.073926,0.073726,-0.006425
0.063091,-0.058544,-0.017566
-0.086513,0.063936,-0.0072423
-0.097348,-0.068334,-0.018384
0.074516,0.077022,0.0042246
0.06417,-0.056633,-0.012494
-0.087407,0.062234,-0.0099463
-0.097753,-0.07142,-0.026665
0.076122,0.078872,0.012427
0.065069,-0.05547,-0.0066905
-0.088291,0.061139,-0.012812
-0.099345,-0.073204,-0.03193
0.077441,0.079063,0.017332
0.065888,-0.054974,-0.00098049
-0.08907,0.060575,-0.015044
-0.10062,-0.073461,-0.033357
0.077533,0.077858,0.018663
0.066302,-0.055175,0.0039272
-0.089507,0.060579,-0.015989
-0.10074,-0.072455,-0.030725
0.076515,0.07564,0.016507
0.065899,-0.056271,0.0075891
-0.089156,0.061337,-0.015289
-0.099773,-0.070575,-0.024207
0.075353,0.072741,0.011328
0.064405,-0.058492,0.0097537
-0.087763,0.063071,-0.012804
-0.098711,-0.068163,-0.014378
0.075274,0.06954,0.0041417
0.06204,-0.061839,0.010278
-0.085521,0.065775,-0.008511
-0.098755,-0.065604,-0.002375
0.076919,0.066539,-0.0034942
0.059508,-0.065837,0.0092011
-0.083112,0.068986,-0.0025736
-0.10052,-0.06339,0.010122
0.079852,0.064178,-0.00981
0.057653,-0.069531,0.0069016
-0.081348,0.071775,0.0045043
-0.10355,-0.061934,0.021216
0.082698,0.062573,-0.013315
0.056995,-0.071835,0.0040985
-0.080741,0.073094,0.011868
-0.10644,-0.061314,0.029282
0.083892,0.061635,-0.013158
0.057561,-0.072133,0.0016001
-0.081332,0.072365,0.018574
-0.10766,-0.061403,0.033332
0.082615,0.061519,-0.0091766
0.059009,-0.07068,1.7576e-05
-0.082806,0.069876,0.02389
-0.10641,-0.062323,0.033084
0.079385,0.062691,-0.0018117
0.060763,-0.068387,-0.00022985
-0.084611,0.066562,0.027312
-0.10323,-0.064517,0.028894
0.075826,0.065299,0.0079014
0.062185,-0.066116,0.0012621
-0.086116,0.063304,0.028383
-0.099758,-0.068112,0.021744
0.073596,0.068624,0.018455
0.062983,-0.0642,0.0047976
-0.087024,0.060449,0.026774
-0.097638,-0.072375,0.013116
0.073352,0.071436,0.028163
0.063446,-0.062633,0.010227
-0.087611,0.058016,0.022618
-0.097516,-0.076053,0.0046819
0.074536,0.072812,0.035521
0.064101,-0.061464,0.016773
-0.088387,0.056083,0.016686
-0.098823,-0.078193,-0.0020622
0.075948,0.072608,0.03952
0.065141,-0.060871,0.02326
-0.08954,0.05487,0.01015
-0.10035,-0.078609,-0.0061098
0.076568,0.07127,0.039761
0.066183,-0.061061,0.028517
-0.090684,0.054617,0.0041878
-0.10107,-0.077714,-0.0070562
0.076137,0.069324,0.036325
0.066463,-0.062194,0.031641
-0.091057,0.055507,-0.00028104
-0.10073,-0.076012,-0.0049655
0.075227,0.067044,0.02963
0.065353,-0.064318,0.032044
-0.090038,0.057593,-0.0026393
-0.099912,-0.07377,-0.00022504
0.074847,0.064545,0.020457
0.062879,-0.067268,0.029434
-0.087654,0.060712,-0.0025495
-0.099622,-0.071101,0.0064275
0.075788,0.062076,0.010036
0.059842,-0.070544,0.023884
-0.084698,0.064363,-3.4421e-05
-0.10064,-0.068257,0.013814
0.078047,0.06007,-7.0473e-05
0.057388,-0.0733,0.015966
-0.082308,0.067694,0.0043853
-0.10297,-0.065677,0.020422
0.080689,0.058899,-0.0083368
0.056382,-0.07462,0.0067279
-0.081347,0.069773,0.0097094
-0.10565,-0.063746,0.024774
0.082305,0.058733,-0.013699
0.057042,-0.07404,-0.0025725
-0.082043,0.070107,0.014734
-0.10731,-0.062666,0.025861
0.081856,0.059726,-0.015769
0.058949,-0.071881,-0.010797
-0.083993,0.068977,0.018392
-0.1069,-0.06263,0.023365
0.079389,0.0621,-0.014772
0.061226,-0.068982,-0.017045
-0.086334,0.067179,0.019876
-0.1045,-0.063903,0.017603
0.07605,0.065768,-0.011355
0.062902,-0.066017,-0.020599
-0.0881,0.065343,0.018573
-0.10125,-0.066442,0.0093296
0.073303,0.069993,-0.006431
0.063516,-0.063129,-0.020974
-0.088823,0.063577,0.014117
-0.098611,-0.069545,-0.0004263
0.072045,0.073673,-0.0011034
0.063451,-0.060282,-0.018163
-0.088869,0.061819,0.0066169
-0.097463,-0.072136,-0.010443
0.072263,0.075982,0.0034327
0.063544,-0.057728,-0.012842
-0.089057,0.060306,-0.0031323
-0.097777,-0.073405,-0.019407
0.073272,0.076754,0.0061662
0.06434,-0.055984,-0.0063036
-0.089919,0.059541,-0.013721
-0.098851,-0.073197,-0.02619
0.074233,0.07635,0.0065585
0.065611,-0.055481,-0.00011485
-0.091225,0.059929,-0.023465
-0.099847,-0.071902,-0.030138
0.074664,0.075201,0.0045634
0.066461,-0.056309,0.0043146
-0.092093,0.06152,-0.030844
-0.1003,-0.069989,-0.031093
0.074639,0.07346,0.0004159
0.065921,-0.058248,0.0060309
-0.091581,0.064051,-0.034815
-0.1003,-0.067658,-0.0292
0.074675,0.07111,-0.0054801
0.063686,-0.060955,0.0045955
-0.089402,0.067131,-0.034884
-0.10039,-0.064933,-0.024809
0.075361,0.068317,-0.012445
0.060433,-0.064008,4.9691e-05
-0.086247,0.070307,-0.031082
-0.10118,-0.062019,-0.018587
0.076908,0.065593,-0.019442
0.057489,-0.066805,-0.0070248
-0.083434,0.072959,-0.02401
-0.10285,-0.059439,-0.011593
0.078864,0.063554,-0.025266
0.05608,-0.068642,-0.015465
-0.082167,0.074391,-0.014868
-0.10495,-0.057805,-0.0050672
0.080284,0.062615,-0.02891
0.056702,-0.069091,-0.023733
-0.08292,0.074205,-0.0052365
-0.1065,-0.057501,-5.9418e-05
0.080315,0.062923,-0.029843
0.058926,-0.068321,-0.030319
-0.085255,0.072606,0.0033339
-0.10664,-0.058638,0.0028577
0.078764,0.064414,-0.028024
0.061623,-0.066902,-0.034066
-0.088045,0.070198,0.0096322
-0.10519,-0.061118,0.0035908
0.076219,0.066765,-0.023722
0.063543,-0.065257,-0.034236
-0.090044,0.067439,0.01286
-0.10272,-0.064583,0.0023454
0.073642,0.069351,-0.017404
0.064063,-0.063442,-0.030468
-0.090639,0.064418,0.012581
-0.10022,-0.068374,-0.00048292
0.071829,0.071459,-0.0097828
0.063583,-0.061495,-0.022839
-0.090236,0.061219,0.0087964
-0.098482,-0.071735,-0.0042601
0.07111,0.072602,-0.0017996
0.063163,-0.059841,-0.01211
-0.089895,0.058316,0.0021892
-0.097842,-0.074128,-0.0081214
0.071859,0.072302,0.0053138
0.063758,-0.059518,-0.00062969
-0.089733,0.056793,-0.005039
-0.097834,-0.075027,-0.010982
