0.085028,0.06505,-0.022077
0.084,-0.0655,-0.0207
-0.083061,0.06617,-0.021125
-0.083579,-0.064905,-0.021163
0.085588,0.064422,-0.022221
0.084,-0.0655,-0.0204
-0.082784,0.067265,-0.01837
-0.084079,-0.063932,-0.019795
0.086108,0.063846,-0.022298
0.084,-0.0655,-0.0201
-0.082526,0.068294,-0.015591
-0.084543,-0.06302,-0.018454
0.086557,0.063359,-0.022211
0.084,-0.0655,-0.0198
-0.082302,0.069211,-0.012809
-0.084945,-0.062216,-0.017141
0.086912,0.06299,-0.021875
0.084,-0.0655,-0.0195
-0.082127,0.069981,-0.010055
-0.085266,-0.061554,-0.015851
0.087157,0.062758,-0.021227
0.084,-0.0655,-0.0192
-0.082008,0.070578,-0.0073733
-0.085491,-0.061059,-0.014572
0.087284,0.062672,-0.020224
0.084,-0.0655,-0.0189
-0.08195,0.07099,-0.004818
-0.085617,-0.060742,-0.013287
0.087296,0.062727,-0.018852
0.084,-0.0655,-0.0186
-0.081951,0.071219,-0.0024521
-0.085645,-0.0606,-0.011974
0.087204,0.062906,-0.01712
0.084,-0.0655,-0.0183
-0.082007,0.071278,-0.00034194
-0.085588,-0.060616,-0.010612
0.087028,0.063183,-0.015059
0.084,-0.0655,-0.018
-0.082108,0.071196,0.0014489
-0.085463,-0.060762,-0.0091787
0.086792,0.063524,-0.012714
0.084,-0.0655,-0.0177
-0.082241,0.071009,0.0028662
-0.085293,-0.061,-0.0076609
0.086526,0.063891,-0.010144
0.084,-0.0655,-0.0174
-0.082397,0.070759,0.0038716
-0.085104,-0.061289,-0.0060508
0.086258,0.064246,-0.0074079
0.084,-0.0655,-0.0171
-0.082561,0.070491,0.0044482
-0.084923,-0.061586,-0.0043508
0.086014,0.064554,-0.0045678
0.084,-0.0655,-0.0168
-0.082724,0.070245,0.0046049
-0.084771,-0.061854,-0.0025736
0.085816,0.064787,-0.0016799
0.084,-0.0655,-0.0165
-0.082878,0.070054,0.0043777
-0.084669,-0.062062,-0.00074134
0.085678,0.064925,0.0012049
0.084,-0.0655,-0.0162
-0.083017,0.069942,0.0038298
-0.084628,-0.062188,0.0011162
0.085608,0.064959,0.0040424
0.084,-0.0655,-0.0159
-0.083138,0.069918,0.0030478
-0.084653,-0.062226,0.0029648
0.085605,0.064892,0.0067935
0.084,-0.0655,-0.0156
-0.083241,0.069979,0.0021367
-0.084742,-0.062178,0.0047691
0.08566,0.064733,0.0094228
0.084,-0.0655,-0.0153
-0.083327,0.070109,0.0012127
-0.084885,-0.062059,0.0064959
0.085758,0.064503,0.011896
0.084,-0.0655,-0.015
-0.083399,0.070281,0.00039372
-0.085068,-0.061894,0.0081172
0.085882,0.064227,0.014181
0.084,-0.0655,-0.0147
-0.083458,0.070462,-0.00020885
-0.085272,-0.061711,0.0096114
0.086011,0.06393,0.016244
0.084,-0.0655,-0.0144
-0.083509,0.070618,-0.00049982
-0.085478,-0.061542,0.010964
0.086125,0.063641,0.01805
0.084,-0.0655,-0.0141
-0.083552,0.070717,-0.00040804
-0.085666,-0.061416,0.012165
0.086208,0.063381,0.01957
0.084,-0.0655,-0.0138
-0.083588,0.070733,0.00010717
-0.085821,-0.061356,0.013208
0.086246,0.063168,0.020775
0.084,-0.0655,-0.0135
-0.083619,0.070651,0.0010518
-0.08593,-0.061378,0.014089
0.086235,0.063011,0.021642
0.084,-0.0655,-0.0132
-0.083642,0.070469,0.0023954
-0.085989,-0.061486,0.0148
0.086174,0.062911,0.022156
0.084,-0.0655,-0.0129
-0.083655,0.070197,0.0040722
-0.086,-0.061673,0.01533
0.086071,0.062861,0.022311
0.084,-0.0655,-0.0126
-0.083656,0.069855,0.0059847
-0.085969,-0.061923,0.015662
0.085937,0.06285,0.022107
0.084,-0.0655,-0.0123
-0.08364,0.069474,0.00801
-0.085909,-0.062211,0.015777
0.085789,0.062859,0.021553
0.084,-0.0655,-0.012
-0.083605,0.069089,0.010007
-0.085835,-0.062508,0.015652
0.085643,0.062871,0.020663
0.084,-0.0655,-0.0117
-0.083548,0.068735,0.011829
-0.085766,-0.062782,0.015268
0.085514,0.062869,0.019454
0.084,-0.0655,-0.0114
-0.083468,0.068446,0.013329
-0.085716,-0.063005,0.014607
0.085416,0.062841,0.017945
0.084,-0.0655,-0.0111
-0.083364,0.068244,0.014374
-0.085699,-0.063155,0.013661
0.085355,0.06278,0.016154
0.084,-0.0655,-0.0108
-0.08324,0.068144,0.014854
-0.08572,-0.063219,0.012431
0.085334,0.06269,0.014102
0.084,-0.0655,-0.0105
-0.083101,0.068147,0.014691
-0.085782,-0.063195,0.010931
0.085349,0.062577,0.011809
0.084,-0.0655,-0.0102
-0.082955,0.068243,0.013842
-0.085881,-0.06309,0.0091837
0.08539,0.062458,0.009295
0.084,-0.0655,-0.0099
-0.082812,0.068411,0.012308
-0.086006,-0.062922,0.0072245
0.085443,0.062352,0.006587
0.084,-0.0655,-0.0096
-0.082683,0.068622,0.010128
-0.086144,-0.062715,0.0050948
0.085494,0.06228,0.0037158
0.084,-0.0655,-0.0093
-0.082581,0.068847,0.0073855
-0.08628,-0.062497,0.0028409
0.085528,0.062262,0.00072005
0.084,-0.0655,-0.009
-0.082515,0.069054,0.0041971
-0.086397,-0.062295,0.00051054
0.085531,0.062311,-0.0023542
0.084,-0.0655,-0.0087
-0.082494,0.069221,0.00070898
-0.086484,-0.062132,-0.0018497
0.085496,0.062437,-0.0054536
0.084,-0.0655,-0.0084
-0.082525,0.06933,-0.0029134
-0.086532,-0.062025,-0.0041961
0.085419,0.062638,-0.0085198
0.084,-0.0655,-0.0081
-0.082609,0.069376,-0.0064953
-0.086538,-0.061978,-0.0064889
0.085305,0.062904,-0.011492
0.084,-0.0655,-0.0078
-0.082742,0.069367,-0.0098635
-0.086506,-0.061989,-0.0086915
0.085162,0.063218,-0.014309
0.084,-0.0655,-0.0075
-0.08292,0.069317,-0.012857
-0.086443,-0.062044,-0.01077
0.085004,0.063554,-0.016917
0.084,-0.0655,-0.0072
-0.083131,0.06925,-0.015339
-0.086364,-0.062122,-0.012694
0.084846,0.063884,-0.019265
0.084,-0.0655,-0.0069
-0.083364,0.069196,-0.0172
-0.086285,-0.062199,-0.014433
0.084706,0.064181,-0.021316
0.084,-0.0655,-0.0066
-0.083606,0.069179,-0.018372
-0.086222,-0.06225,-0.015956
0.084596,0.06442,-0.023042
0.084,-0.0655,-0.0063
-0.083844,0.069223,-0.018825
-0.086189,-0.062253,-0.017237
0.084529,0.064582,-0.024422
0.084,-0.0655,-0.006
-0.084067,0.069342,-0.018573
-0.086198,-0.062195,-0.018252
0.084509,0.064656,-0.025448
0.084,-0.0655,-0.0057
-0.084266,0.069538,-0.017669
-0.086254,-0.062071,-0.018979
0.084535,0.064642,-0.026118
0.084,-0.0655,-0.0054
-0.084436,0.069801,-0.016204
-0.086355,-0.061886,-0.019408
0.084599,0.064549,-0.026433
0.084,-0.0655,-0.0051
-0.084574,0.07011,-0.014296
-0.086495,-0.061657,-0.019533
0.084689,0.064393,-0.026397
0.084,-0.0655,-0.0048
-0.084682,0.070433,-0.012086
-0.086661,-0.06141,-0.019361
0.084787,0.064197,-0.026016
0.084,-0.0655,-0.0045
-0.084764,0.070735,-0.0097254
-0.086836,-0.061174,-0.018907
0.084876,0.063986,-0.025299
0.084,-0.0655,-0.0042
-0.084823,0.070979,-0.0073661
-0.087002,-0.060981,-0.018196
0.084938,0.063784,-0.024253
0.084,-0.0655,-0.0039
-0.084868,0.071131,-0.0051514
-0.087142,-0.06086,-0.017256
0.08496,0.063612,-0.022891
0.084,-0.0655,-0.0036
-0.084904,0.071168,-0.003206
-0.087243,-0.060835,-0.016123
0.084932,0.063483,-0.021227
0.084,-0.0655,-0.0033
-0.084936,0.071077,-0.0016277
-0.087295,-0.060918,-0.014828
0.084852,0.063402,-0.019283
0.084,-0.0655,-0.0039
-0.084969,0.07086,-0.00048212
-0.087297,-0.06111,-0.013402
0.084725,0.063366,-0.017087
0.084,-0.0655,-0.0045
-0.085004,0.070535,0.00020132
-0.087251,-0.061399,-0.01187
0.084562,0.063363,-0.014673
0.084,-0.0655,-0.0051
-0.085042,0.070132,0.00043063
-0.087171,-0.061761,-0.010251
0.08438,0.063375,-0.012079
0.084,-0.0655,-0.0057
-0.08508,0.069689,0.00024965
-0.087071,-0.062166,-0.008557
0.084198,0.063378,-0.0093495
0.084,-0.0655,-0.0063
-0.085114,0.069251,-0.00026578
-0.086971,-0.062575,-0.0067967
0.084035,0.063351,-0.0065288
0.084,-0.0655,-0.0069
-0.085141,0.068862,-0.0010141
-0.08689,-0.062952,-0.0049759
0.08391,0.063274,-0.0036615
0.084,-0.0655,-0.0075
-0.085154,0.068558,-0.0018757
-0.086845,-0.063262,-0.0031006
0.083835,0.063134,-0.00078933
0.084,-0.0655,-0.0081
-0.085151,0.068367,-0.0027226
-0.08685,-0.06348,-0.0011798
0.083818,0.062927,0.0020494
0.084,-0.0655,-0.0087
-0.085129,0.068299,-0.0034276
-0.08691,-0.063591,0.00077342
0.083858,0.062659,0.0048208
0.084,-0.0655,-0.0093
-0.085088,0.068352,-0.0038746
-0.087027,-0.063594,0.0027401
0.083946,0.062344,0.0074948
0.084,-0.0655,-0.0099
-0.085031,0.068507,-0.0039667
-0.087191,-0.0635,0.0046959
0.084069,0.062006,0.010044
0.084,-0.0655,-0.0105
-0.084963,0.068731,-0.0036343
-0.087389,-0.063334,0.0066117
0.084207,0.061676,0.012443
0.084,-0.0655,-0.0111
-0.084892,0.068984,-0.0028401
-0.087601,-0.063125,0.0084554
0.084339,0.061385,0.014666
0.084,-0.0655,-0.0117
-0.084827,0.069223,-0.0015824
-0.087807,-0.06291,0.010194
0.084443,0.061164,0.016686
0.084,-0.0655,-0.0123
-0.084778,0.069408,0.0001044
-0.087985,-0.062724,0.011794
0.084501,0.061038,0.018475
0.084,-0.0655,-0.0129
-0.084753,0.069506,0.0021517
-0.088118,-0.062595,0.013225
0.084501,0.061022,0.020003
0.084,-0.0655,-0.0135
-0.084757,0.069499,0.0044607
-0.088194,-0.062542,0.014461
0.084438,0.061123,0.021239
0.084,-0.0655,-0.0141
-0.084791,0.069381,0.0069094
-0.088208,-0.062573,0.015479
0.084314,0.061331,0.022156
0.084,-0.0655,-0.0147
-0.084853,0.069167,0.0093594
-0.088163,-0.062679,0.016258
0.084141,0.061629,0.022729
0.084,-0.0655,-0.0153
-0.084936,0.068884,0.011666
-0.088071,-0.062842,0.016784
0.083937,0.061988,0.022939
0.084,-0.0655,-0.0159
-0.085028,0.068569,0.013687
-0.087948,-0.063031,0.017044
0.083721,0.062373,0.022773
0.084,-0.0655,-0.0165
-0.085118,0.068268,0.015292
-0.087816,-0.06321,0.017027
0.083518,0.06275,0.022231
0.084,-0.0655,-0.0171
-0.085192,0.068024,0.01637
-0.087697,-0.063341,0.016727
0.083348,0.063084,0.021317
0.084,-0.0655,-0.0177
-0.085237,0.067876,0.016839
-0.087611,-0.063392,0.016139
0.083226,0.063352,0.020048
0.084,-0.0655,-0.0183
-0.085246,0.067851,0.01665
-0.087575,-0.063339,0.015266
0.083162,0.063538,0.018447
0.084,-0.0655,-0.0189
-0.085215,0.067959,0.015788
-0.087597,-0.063174,0.014114
0.083156,0.063639,0.016545
0.084,-0.0655,-0.0195
-0.085146,0.068197,0.014279
-0.087677,-0.0629,0.012695
0.0832,0.063666,0.014376
0.084,-0.0655,-0.0201
-0.085049,0.06854,0.012183
-0.087807,-0.062537,0.011032
0.08328,0.063638,0.011978
0.084,-0.0655,-0.0207
-0.084936,0.068954,0.0095922
-0.087973,-0.06212,0.0091536
0.083376,0.063582,0.0093909
0.084,-0.0655,-0.0213
-0.084825,0.069393,0.0066279
-0.088154,-0.061687,0.0070979
0.083465,0.063528,0.0066562
0.084,-0.0655,-0.021722
-0.084734,0.069808,0.0034298
-0.088328,-0.061286,0.0049092
0.083527,0.063505,0.003815
0.084,-0.0655,-0.022144
-0.084683,0.070155,0.00014892
-0.088474,-0.060956,0.0026367
0.083545,0.063535,0.00090979
0.084,-0.0655,-0.022567
-0.084685,0.070396,-0.0030614
-0.088575,-0.060733,0.00033184
0.083507,0.06363,-0.0020164
0.084,-0.0655,-0.022989
-0.084749,0.070511,-0.0060549
-0.08862,-0.060638,-0.0019541
0.083413,0.063791,-0.0049191
0.084,-0.0655,-0.023411
-0.08488,0.070494,-0.0087013
-0.088608,-0.060676,-0.0041731
0.083269,0.064003,-0.0077528
0.084,-0.0655,-0.023833
-0.085072,0.070357,-0.010893
-0.088544,-0.060839,-0.0062825
0.083088,0.064244,-0.010471
0.084,-0.0655,-0.024256
-0.085315,0.070129,-0.012553
-0.088443,-0.0611,-0.0082464
0.082891,0.064481,-0.013028
0.084,-0.0655,-0.024678
-0.085591,0.069849,-0.013635
-0.088326,-0.061425,-0.010037
0.082702,0.064678,-0.015379
0.084,-0.0655,-0.0251
-0.085881,0.069563,-0.01413
-0.088213,-0.061771,-0.011634
0.082542,0.0648,-0.017482
0.084,-0.0655,-0.025522
-0.086162,0.069315,-0.01406
-0.08813,-0.062095,-0.013023
0.082431,0.064817,-0.0193
0.084,-0.0655,-0.025944
-0.086414,0.069143,-0.013483
-0.088095,-0.062362,-0.014197
0.082383,0.064708,-0.020803
0.084,-0.0655,-0.026367
-0.08662,0.069073,-0.012478
-0.088121,-0.062543,-0.015152
0.082403,0.064469,-0.021969
0.084,-0.0655,-0.026789
-0.086767,0.069112,-0.011149
-0.088214,-0.062627,-0.015885
0.082486,0.064105,-0.022783
0.084,-0.0655,-0.027211
-0.08685,0.069252,-0.0096096
-0.08837,-0.062617,-0.016397
0.082621,0.06364,-0.02324
0.084,-0.0655,-0.027633
-0.086871,0.069466,-0.0079783
-0.088577,-0.062531,-0.016688
0.082788,0.063107,-0.023341
0.084,-0.0655,-0.028056
-0.086839,0.069714,-0.0063703
-0.088816,-0.0624,-0.016757
0.082962,0.062546,-0.023095
0.084,-0.0655,-0.028478
-0.086767,0.06995,-0.0048895
-0.089061,-0.062262,-0.016606
0.083117,0.062003,-0.022517
0.084,-0.0655,-0.0289
-0.086673,0.070122,-0.0036219
-0.089288,-0.06216,-0.016235
0.083229,0.061519,-0.021623
0.084,-0.0655,-0.029322
-0.086574,0.070189,-0.0026305
-0.089474,-0.06213,-0.015647
0.08328,0.061129,-0.020433
0.084,-0.0655,-0.029745
-0.086489,0.07012,-0.0019522
-0.089599,-0.0622,-0.014848
0.083259,0.060857,-0.018968
0.084,-0.0655,-0.030167
-0.086432,0.0699,-0.0015958
-0.089653,-0.062386,-0.013847
0.083164,0.060711,-0.017249
0.084,-0.0655,-0.030589
-0.08641,0.069537,-0.0015426
-0.089634,-0.062684,-0.012654
0.083003,0.060687,-0.015296
0.084,-0.0655,-0.031011
-0.086427,0.069055,-0.0017485
-0.089552,-0.063075,-0.011284
0.082795,0.060765,-0.013131
0.084,-0.0655,-0.031433
-0.086479,0.068499,-0.0021479
-0.089423,-0.063524,-0.0097547
0.082562,0.060916,-0.010776
0.084,-0.0655,-0.031856
-0.086557,0.067924,-0.0026583
-0.08927,-0.063987,-0.0080853
0.082331,0.061104,-0.0082564
0.084,-0.0655,-0.032278
-0.086648,0.06739,-0.0031875
-0.089121,-0.064411,-0.006296
0.08213,0.061294,-0.0055991
0.084,-0.0655,-0.0327
-0.086737,0.066955,-0.0036398
-0.089002,-0.064748,-0.0044074
0.081981,0.061452,-0.0028357
0.084,-0.0655,-0.033122
-0.086808,0.066668,-0.003923
-0.088934,-0.064955,-0.0024401
0.081899,0.061557,-1.2906e-06
0.084,-0.0655,-0.033544
-0.086851,0.066561,-0.0039561
-0.088935,-0.065004,-0.00041431
0.081891,0.061597,0.0028653
0.084,-0.0655,-0.033967
-0.08686,0.066645,-0.0036744
-0.089009,-0.064884,0.0016499
0.081953,0.061576,0.0057224
0.084,-0.0655,-0.034389
-0.086832,0.06691,-0.0030353
-0.089152,-0.064604,0.0037318
0.08207,0.061512,0.0085269
0.084,-0.0655,-0.034811
-0.086775,0.067323,-0.0020213
-0.089351,-0.064191,0.005809
0.08222,0.061433,0.011235
0.084,-0.0655,-0.035233
-0.086699,0.067838,-0.000642
-0.089583,-0.063688,0.0078565
0.082374,0.061373,0.013807
0.084,-0.0655,-0.035656
-0.08662,0.068395,0.0010663
-0.08982,-0.063146,0.0098464
0.082506,0.06137,0.016203
0.084,-0.0655,-0.036078
-0.086555,0.068933,0.0030426
-0.090034,-0.062622,0.011747
0.082588,0.061454,0.018389
0.084,-0.0655,-0.0365
-0.08652,0.069394,0.0052049
-0.090199,-0.062166,0.013522
0.082601,0.061649,0.020336
0.084,-0.0655,-0.036922
-0.086529,0.069735,0.0074552
-0.090296,-0.061819,0.015136
0.082536,0.061962,0.022018
0.084,-0.0655,-0.037344
-0.086587,0.06993,0.0096862
-0.090314,-0.061606,0.016552
0.082392,0.062385,0.023413
0.084,-0.0655,-0.037767
-0.086696,0.069973,0.011788
-0.090255,-0.061531,0.017733
0.082183,0.062895,0.024504
0.084,-0.0655,-0.038189
-0.086845,0.069879,0.013654
-0.090129,-0.06158,0.01865
0.081929,0.063455,0.025273
0.084,-0.0655,-0.038611
-0.087022,0.069685,0.015191
-0.089958,-0.061724,0.019279
0.081658,0.064017,0.025705
0.084,-0.0655,-0.039033
-0.087207,0.069437,0.016319
-0.089768,-0.061918,0.019606
0.081402,0.06453,0.025786
0.084,-0.0655,-0.039455
-0.087377,0.069191,0.016981
-0.089592,-0.062114,0.019626
0.081191,0.064947,0.025507
0.084,-0.0655,-0.039878
-0.087511,0.069,0.017144
-0.089456,-0.062264,0.019343
0.081047,0.065226,0.02486
0.084,-0.0655,-0.0403
-0.087591,0.068908,0.016801
-0.089386,-0.062328,0.01877
0.080987,0.065343,0.023844
0.084,-0.0655,-0.039033
-0.087607,0.068942,0.015971
-0.089397,-0.062283,0.017927
0.081015,0.065289,0.022467
0.084,-0.0655,-0.037767
-0.087556,0.069109,0.014695
-0.089494,-0.062122,0.016837
0.081123,0.065072,0.020745
0.084,-0.0655,-0.0365
-0.087444,0.069396,0.013033
-0.089669,-0.06186,0.015524
0.081292,0.064721,0.018705
0.084,-0.0655,-0.035233
-0.087288,0.069766,0.011064
-0.089906,-0.061529,0.014012
0.081495,0.064276,0.016385
0.084,-0.0655,-0.033967
-0.087109,0.07017,0.0088735
-0.090179,-0.061176,0.012325
0.081697,0.063789,0.013833
0.084,-0.0655,-0.0327
-0.086935,0.070544,0.0065501
-0.090457,-0.060858,0.010484
0.081865,0.063311,0.011103
0.084,-0.0655,-0.031433
-0.086795,0.070826,0.0041811
-0.090709,-0.060633,0.0085069
0.081966,0.062893,0.0082543
0.084,-0.0655,-0.030167
-0.086714,0.070956,0.001845
-0.090905,-0.060554,0.0064157
0.081975,0.062574,0.005349
0.084,-0.0655,-0.0289
-0.086713,0.070892,-0.00039241
-0.091022,-0.06066,0.0042329
0.081876,0.062381,0.0024464
0.084,-0.0655,-0.027633
-0.086805,0.070605,-0.0024813
-0.091048,-0.060974,0.0019857
0.081666,0.062324,-0.0003984
0.084,-0.0655,-0.026367
-0.086993,0.070095,-0.0043896
-0.09098,-0.061496,-0.00029286
0.081353,0.062393,-0.003136
0.084,-0.0655,-0.0251
-0.087269,0.069382,-0.0061022
-0.090827,-0.062205,-0.0025635
0.080957,0.062567,-0.0057241
0.084,-0.0655,-0.023833
-0.087616,0.068508,-0.0076196
-0.090608,-0.063061,-0.004781
0.080505,0.062809,-0.0081267
0.084,-0.0655,-0.022567
-0.08801,0.06753,-0.0089539
-0.090347,-0.064008,-0.0068963
0.080032,0.063079,-0.010313
0.084,-0.0655,-0.0213
-0.088422,0.066516,-0.010124
-0.090076,-0.064982,-0.0088585
0.07957,0.063332,-0.012257
0.08396,-0.0655,-0.021
-0.088822,0.065538,-0.011151
-0.089824,-0.065916,-0.010619
0.079153,0.063533,-0.013934
0.082625,-0.067877,-0.014014
-0.089182,0.06466,-0.012052
-0.089618,-0.06675,-0.012132
0.078804,0.063653,-0.015319
0.083281,-0.067714,-0.015847
-0.089479,0.063933,-0.012833
-0.089478,-0.067434,-0.013362
0.07854,0.06368,-0.016389
0.083812,-0.067649,-0.017177
-0.089701,0.063394,-0.013493
-0.089415,-0.067936,-0.014281
0.078367,0.063617,-0.017119
0.084204,-0.067682,-0.01798
-0.089841,0.063057,-0.014013
-0.08943,-0.068242,-0.014874
0.078279,0.06348,-0.017487
0.084453,-0.067795,-0.018259
-0.089907,0.062916,-0.014364
-0.089515,-0.06836,-0.015135
0.078261,0.063302,-0.017476
0.084573,-0.067958,-0.018037
-0.08991,0.062949,-0.014507
-0.089654,-0.068312,-0.015067
0.078294,0.063119,-0.017074
0.084585,-0.068134,-0.017357
-0.08987,0.063119,-0.014398
-0.089826,-0.068134,-0.014682
0.078352,0.062972,-0.016278
0.084519,-0.068279,-0.016276
-0.089811,0.063382,-0.013996
-0.090005,-0.067869,-0.013995
0.078413,0.062897,-0.015096
0.084405,-0.068356,-0.014855
-0.089753,0.063694,-0.013266
-0.09017,-0.06756,-0.013025
0.078455,0.062924,-0.013552
0.084274,-0.068336,-0.013156
-0.089716,0.064015,-0.012188
-0.090303,-0.067245,-0.011792
0.078464,0.063067,-0.01168
0.084147,-0.068202,-0.011234
-0.089711,0.064317,-0.010761
-0.090391,-0.066952,-0.010315
0.078434,0.063326,-0.0095275
0.084043,-0.067953,-0.0091383
-0.089746,0.064582,-0.0090032
-0.090432,-0.066697,-0.008614
0.078367,0.063686,-0.0071516
0.083969,-0.067601,-0.0069059
-0.089816,0.064808,-0.006956
-0.090429,-0.06648,-0.0067103
0.078271,0.064122,-0.004615
0.083923,-0.067174,-0.004565
-0.089915,0.065003,-0.004678
-0.090393,-0.066292,-0.0046281
0.078158,0.064596,-0.0019829
0.083899,-0.066707,-0.0021377
-0.090029,0.065185,-0.0022419
-0.090341,-0.066118,-0.0023967
0.078046,0.06507,0.00068112
0.083885,-0.066238,0.00035675
-0.090142,0.065373,0.00027165
-0.090289,-0.065935,-5.2857e-05
0.077948,0.065509,0.0033186
0.08387,-0.065803,0.0028967
-0.090241,0.065586,0.0027809
-0.090254,-0.065726,0.0023588
0.077875,0.065881,0.0058781
0.083843,-0.065432,0.005454
-0.090316,0.065834,0.0052094
-0.090249,-0.065479,0.0047851
0.077833,0.06617,0.0083167
0.083798,-0.065144,0.0079915
-0.09036,0.06612,0.0074916
-0.090279,-0.065193,0.0071661
0.077823,0.066367,0.010599
0.083732,-0.064945,0.010461
-0.090374,0.066435,0.0095759
-0.090344,-0.064878,0.0094376
0.077837,0.06648,0.012695
0.083651,-0.064831,0.012804
-0.090366,0.066757,0.011426
-0.090439,-0.064554,0.011534
0.077864,0.066524,0.014581
0.083561,-0.064785,0.014955
-0.090345,0.06706,0.013021
-0.090552,-0.064248,0.013395
0.077891,0.066519,0.016231
0.083475,-0.064786,0.016847
-0.090327,0.067312,0.014351
-0.090667,-0.063993,0.014967
0.077902,0.06649,0.017622
0.083404,-0.064812,0.018414
-0.090323,0.067482,0.015415
-0.09077,-0.06382,0.016207
0.077887,0.066455,0.018726
0.083355,-0.064843,0.0196
-0.090346,0.067546,0.016214
-0.090849,-0.063753,0.017088
0.077839,0.066427,0.019513
0.083336,-0.064867,0.02036
-0.0904,0.06749,0.016751
-0.090895,-0.063804,0.017598
0.077758,0.066408,0.019954
0.083345,-0.064883,0.020669
-0.090486,0.067316,0.017025
-0.090907,-0.063976,0.017739
0.077649,0.066389,0.020021
0.083377,-0.0649,0.020518
-0.090596,0.067035,0.017029
-0.09089,-0.064254,0.017526
0.077524,0.066353,0.019691
0.083421,-0.064933,0.01992
-0.09072,0.066674,0.016755
-0.090854,-0.064612,0.016984
0.0774,0.066278,0.018949
0.083462,-0.065007,0.018903
-0.09084,0.066268,0.016189
-0.090812,-0.065018,0.016143
0.077293,0.06614,0.017795
0.083487,-0.065145,0.017507
-0.090941,0.065855,0.015322
-0.090782,-0.065431,0.015033
0.07722,0.065917,0.016243
0.08348,-0.065369,0.015782
-0.091007,0.065471,0.014147
-0.090778,-0.065815,0.013686
0.077191,0.065597,0.014324
0.083433,-0.065691,0.013784
-0.091027,0.065148,0.012667
-0.090811,-0.066141,0.012128
0.077212,0.06518,0.012083
0.083341,-0.066111,0.011564
-0.090996,0.064904,0.010899
-0.090887,-0.066387,0.01038
0.077281,0.064679,0.0095826
0.083207,-0.066615,0.0091765
-0.090918,0.064746,0.0088694
-0.091004,-0.066548,0.0084635
0.077387,0.064121,0.0068923
0.083041,-0.067176,0.006667
-0.090803,0.064665,0.0066199
-0.091155,-0.066632,0.0063947
0.077513,0.063543,0.0040886
0.082859,-0.067755,0.004079
-0.090669,0.064641,0.0042031
-0.091324,-0.066658,0.0041937
0.077637,0.062992,0.0012478
0.082678,-0.068306,0.0014531
-0.09054,0.064645,0.0016795
-0.091495,-0.066653,0.0018848
0.077735,0.062517,-0.0015573
0.082519,-0.06878,-0.0011713
-0.090439,0.064646,-0.00088672
-0.091648,-0.066651,-0.00050063
0.077783,0.062162,-0.004262
0.0824,-0.069131,-0.003753
-0.09039,0.064612,-0.0034319
-0.091765,-0.066682,-0.0029228
0.077763,0.061964,-0.0068112
0.082334,-0.069323,-0.0062478
-0.090413,0.064517,-0.0058971
-0.091832,-0.066771,-0.0053337
0.077661,0.061949,-0.0091604
0.082331,-0.069331,-0.0086077
-0.090521,0.064347,-0.0082311
-0.091842,-0.066934,-0.0076784
0.077472,0.062126,-0.011274
0.082389,-0.069146,-0.010782
-0.090721,0.064099,-0.010392
-0.091794,-0.067173,-0.0098991
0.077197,0.062491,-0.013126
0.082504,-0.068773,-0.012717
-0.091008,0.063783,-0.012347
-0.091695,-0.067481,-0.011938
0.076848,0.063022,-0.014691
0.08266,-0.068235,-0.014365
-0.091374,0.063421,-0.014071
-0.091557,-0.067836,-0.013744
0.076441,0.063689,-0.01595
0.082842,-0.067564,-0.015681
-0.091799,0.063042,-0.015544
-0.091395,-0.068211,-0.015275
0.075997,0.064454,-0.016882
0.08303,-0.066799,-0.016632
-0.092263,0.062679,-0.016751
-0.091229,-0.068573,-0.016502
0.075539,0.065273,-0.017463
0.083203,-0.065984,-0.017199
-0.092741,0.062367,-0.017674
-0.091076,-0.06889,-0.01741
0.075088,0.066107,-0.017674
0.083346,-0.065162,-0.017378
-0.093208,0.062135,-0.018295
-0.090952,-0.069134,-0.017999
0.074666,0.066918,-0.017494
0.083445,-0.06437,-0.017182
-0.093644,0.062004,-0.018596
-0.090866,-0.069284,-0.018284
0.074286,0.067677,-0.016907
0.083494,-0.063637,-0.016637
-0.094031,0.061987,-0.018557
-0.091808,-0.0655,-0.019986
0.07396,0.068362,-0.015908
0.08349,-0.062986,-0.015782
-0.094357,0.062083,-0.018163
-0.091733,-0.0655,-0.01949
0.073693,0.068962,-0.014502
0.083437,-0.062426,-0.014659
-0.094617,0.062285,-0.017404
-0.091657,-0.0655,-0.019002
0.073484,0.069472,-0.012711
0.083343,-0.061961,-0.013314
-0.094811,0.062573,-0.016283
-0.091581,-0.0655,-0.01852
0.073329,0.069893,-0.010575
0.083219,-0.061587,-0.011789
-0.094943,0.062922,-0.014814
-0.091505,-0.0655,-0.018047
0.07322,0.070231,-0.0081503
0.083077,-0.061295,-0.01012
-0.095024,0.063303,-0.013029
-0.091429,-0.0655,-0.01758
0.073148,0.070493,-0.0055136
0.08293,-0.061074,-0.0083361
-0.095065,0.063686,-0.010973
-0.091354,-0.0655,-0.017121
0.073104,0.070689,-0.0027549
0.082789,-0.060912,-0.006461
-0.095078,0.064043,-0.0087018
-0.091278,-0.0655,-0.016669
0.07308,0.070823,2.4137e-05
0.082663,-0.0608,-0.0045144
-0.095076,0.06435,-0.0062804
-0.091202,-0.0655,-0.016224
0.073072,0.070902,0.0027166
0.082557,-0.06073,-0.0025169
-0.095069,0.064589,-0.003775
-0.091126,-0.0655,-0.015787
0.073074,0.070926,0.0052157
0.082475,-0.060699,-0.00049294
-0.095065,0.064749,-0.0012486
-0.09105,-0.0655,-0.015357
0.073088,0.070897,0.0074214
0.082415,-0.060708,0.0015268
-0.095068,0.064824,0.0012431
-0.090974,-0.0655,-0.014935
0.073113,0.070814,0.0092469
0.082374,-0.060758,0.0035043
-0.095082,0.064817,0.0036548
-0.090899,-0.0655,-0.01452
0.073153,0.070678,0.010623
0.082347,-0.060853,0.0053959
-0.095105,0.064732,0.0059512
-0.090823,-0.0655,-0.014112
0.073208,0.070492,0.011505
0.08233,-0.060996,0.0071553
-0.095138,0.06458,0.008106
-0.090747,-0.0655,-0.013712
0.07328,0.07026,0.011872
0.082316,-0.061189,0.0087379
-0.095178,0.06437,0.010099
-0.090671,-0.0655,-0.013319
0.073368,0.069992,0.011731
0.082303,-0.06143,0.010106
-0.095223,0.064112,0.011911
-0.090595,-0.0655,-0.012933
0.073467,0.069699,0.011115
0.082287,-0.061713,0.011232
-0.095273,0.063815,0.013522
-0.09052,-0.0655,-0.012555
0.073569,0.069397,0.010083
0.082269,-0.062028,0.012101
-0.095328,0.063485,0.01491
-0.090444,-0.0655,-0.012184
0.073666,0.069101,0.0087124
0.08225,-0.062363,0.012714
-0.095389,0.063128,0.016049
-0.090368,-0.0655,-0.01182
0.073745,0.068828,0.0070986
0.082233,-0.062702,0.01308
-0.095458,0.062746,0.01691
-0.090292,-0.0655,-0.011464
0.073796,0.068591,0.0053451
0.08222,-0.063031,0.013218
-0.095536,0.062343,0.017469
-0.090216,-0.0655,-0.011115
0.073807,0.068401,0.0035589
0.082215,-0.063335,0.01315
-0.095625,0.061923,0.017703
-0.090141,-0.0655,-0.010773
0.073771,0.068263,0.0018439
0.082218,-0.063602,0.012898
-0.095725,0.061493,0.0176
-0.090065,-0.0655,-0.010439
0.073686,0.068177,0.00029409
0.082229,-0.063826,0.012476
-0.095835,0.061063,0.017162
-0.089989,-0.0655,-0.010112
0.073553,0.068134,-0.0010117
0.082248,-0.064002,0.011895
-0.095951,0.060644,0.0164
-0.089913,-0.0655,-0.0097922
0.07338,0.068126,-0.0020142
0.082269,-0.064133,0.011158
-0.096069,0.060253,0.015338
-0.089837,-0.0655,-0.00948
0.07318,0.068137,-0.0026767
0.082288,-0.064224,0.010264
-0.096182,0.059908,0.014008
-0.089761,-0.0655,-0.0091751
0.072968,0.068152,-0.0029871
0.082297,-0.064283,0.0092111
-0.096283,0.059626,0.012448
-0.089686,-0.0655,-0.0088775
0.072763,0.068158,-0.0029576
0.082291,-0.06432,0.0080015
-0.096365,0.059426,0.010696
-0.08961,-0.0655,-0.0085873
0.072583,0.068145,-0.0026235
0.082263,-0.064342,0.0066425
-0.096423,0.059321,0.0087864
-0.089534,-0.0655,-0.0083045
0.072444,0.068111,-0.0020403
0.082212,-0.064355,0.0051499
-0.096453,0.059322,0.0067479
-0.089458,-0.0655,-0.0080289
0.072355,0.068058,-0.0012801
0.082135,-0.06436,0.0035475
-0.096456,0.059431,0.0046044
-0.089383,-0.0655,-0.0077608
0.072322,0.067995,-0.00042651
0.082036,-0.064353,0.0018654
-0.096434,0.059644,0.0023754
-0.089307,-0.0655,-0.0075
0.072345,0.067939,0.0004306
0.081922,-0.064325,0.00013695
-0.096394,0.059948,7.9385e-05
-0.089231,-0.0655,-0.0072465
0.072414,0.067907,0.0012011
0.081799,-0.064263,-0.001605
-0.096344,0.060326,-0.0022632
-0.089155,-0.0655,-0.0070004
0.072518,0.067921,0.0018004
0.081678,-0.064155,-0.0033318
-0.096294,0.060757,-0.0046261
-0.089079,-0.0655,-0.0067616
0.072639,0.067997,0.0021545
0.081569,-0.063989,-0.0050208
-0.096255,0.061215,-0.006976
-0.089003,-0.0655,-0.0065302
0.072761,0.068149,0.0022057
0.08148,-0.063755,-0.0066562
-0.096235,0.061678,-0.0092717
-0.088928,-0.0655,-0.0063061
0.072864,0.068381,0.0019154
0.081415,-0.063451,-0.0082277
-0.09624,0.062127,-0.011466
-0.088852,-0.0655,-0.0060894
0.072936,0.068691,0.001268
0.081376,-0.063082,-0.0097275
-0.096271,0.062547,-0.01351
-0.088776,-0.0655,-0.00588
0.072967,0.069066,0.00027134
0.081361,-0.062661,-0.011146
-0.096326,0.062931,-0.015355
-0.0887,-0.0655,-0.0056779
0.072952,0.069485,-0.0010426
0.081363,-0.062208,-0.01247
-0.096399,0.063275,-0.01696
-0.088624,-0.0655,-0.0054832
0.072893,0.06992,-0.0026198
0.081373,-0.061748,-0.013678
-0.096481,0.063584,-0.018294
-0.088549,-0.0655,-0.0052959
0.072796,0.070341,-0.0043866
0.081381,-0.061309,-0.01474
-0.096561,0.063864,-0.019336
-0.088473,-0.0655,-0.0051159
0.072671,0.070718,-0.0062542
0.081377,-0.06092,-0.015621
-0.096631,0.064122,-0.020078
-0.088397,-0.0655,-0.0049432
0.07253,0.071024,-0.0081234
0.081354,-0.060603,-0.016281
-0.096681,0.064365,-0.020521
-0.088321,-0.0655,-0.0047779
0.072384,0.071239,-0.0098904
0.081305,-0.060377,-0.016682
-0.096707,0.064597,-0.020671
-0.088245,-0.0655,-0.00462
0.072244,0.07135,-0.011453
0.081231,-0.060252,-0.016795
-0.096708,0.064815,-0.020538
-0.088169,-0.0655,-0.0044694
0.072116,0.071358,-0.012716
0.081134,-0.060228,-0.016601
-0.096685,0.065013,-0.020128
-0.088094,-0.0655,-0.0043261
0.072002,0.07127,-0.013598
0.08102,-0.060298,-0.016094
-0.096647,0.065181,-0.019447
-0.088018,-0.0655,-0.0041902
0.071904,0.071103,-0.014033
0.0809,-0.060445,-0.015286
-0.096602,0.065301,-0.018494
-0.087942,-0.0655,-0.0040616
0.071815,0.070878,-0.01398
0.080784,-0.060649,-0.014201
-0.096561,0.065357,-0.01727
-0.087866,-0.0655,-0.0039404
0.07173,0.07062,-0.013418
0.080683,-0.060889,-0.012874
-0.096537,0.065334,-0.015776
-0.08779,-0.0655,-0.0038265
0.071643,0.070353,-0.012353
0.080607,-0.061141,-0.011343
-0.096539,0.065218,-0.014018
-0.087715,-0.0655,-0.00372
0.071548,0.070094,-0.010818
0.080563,-0.061387,-0.0096501
-0.096574,0.065002,-0.012013
-0.087639,-0.0655,-0.0036208
0.07144,0.069857,-0.0088671
0.080554,-0.061615,-0.0078319
-0.096644,0.064687,-0.0097903
-0.087563,-0.0655,-0.003529
0.071321,0.069646,-0.006576
0.080577,-0.061818,-0.005921
-0.096749,0.064281,-0.0073907
-0.087487,-0.0655,-0.0034445
0.071192,0.069459,-0.0040378
0.080627,-0.061999,-0.0039453
-0.096883,0.063802,-0.004867
-0.087411,-0.0655,-0.0033673
0.07106,0.069287,-0.0013578
0.080695,-0.062164,-0.0019292
-0.097036,0.063272,-0.002279
-0.087336,-0.0655,-0.0039673
0.070934,0.069116,0.0013518
0.080768,-0.062324,0.00010285
-0.097197,0.062719,0.00031059
-0.08726,-0.0655,-0.0045673
0.070824,0.068933,0.0039773
0.080835,-0.062492,0.0021232
-0.097352,0.062175,0.0028421
-0.087184,-0.0655,-0.0051673
0.07074,0.068725,0.0064098
0.080884,-0.062678,0.0040987
-0.09749,0.061667,0.0052626
-0.087108,-0.0655,-0.0057673
0.070688,0.068487,0.0085502
0.080906,-0.06289,0.00599
-0.097603,0.061221,0.007529
-0.087032,-0.0655,-0.0063673
0.070675,0.068218,0.010314
0.080896,-0.063129,0.0077525
-0.097683,0.060857,0.0096091
-0.086957,-0.0655,-0.0069673
0.070701,0.067928,0.011637
0.080854,-0.063387,0.0093399
-0.097731,0.060585,0.01148
-0.086881,-0.0655,-0.0075673
0.070762,0.067633,0.012474
0.080783,-0.063654,0.010708
-0.09775,0.060408,0.013124
-0.086805,-0.0655,-0.0081673
0.070851,0.067357,0.012807
0.080691,-0.063909,0.01182
-0.097746,0.060324,0.014528
-0.086729,-0.0655,-0.0087673
0.070956,0.067126,0.01264
0.080587,-0.064132,0.012652
-0.097729,0.06032,0.015678
-0.086653,-0.0655,-0.0093673
0.071065,0.066968,0.012002
0.080483,-0.064299,0.013191
-0.09771,0.060384,0.016558
-0.086578,-0.0655,-0.0099673
0.071164,0.066906,0.010942
0.080389,-0.064391,0.013442
-0.097698,0.0605,0.017149
-0.086502,-0.0655,-0.010567
0.07124,0.066958,0.0095297
0.080312,-0.064391,0.013421
-0.097701,0.060652,0.017432
-0.086426,-0.0655,-0.011167
0.071282,0.067131,0.0078463
0.080257,-0.064293,0.013154
-0.097724,0.060829,0.01739
-0.08635,-0.0655,-0.011767
0.071285,0.067423,0.0059842
0.080224,-0.064098,0.012669
-0.097768,0.061025,0.017012
-0.086274,-0.0655,-0.012367
0.071246,0.067818,0.0040396
0.08021,-0.063816,0.011996
-0.097829,0.061236,0.016298
-0.086198,-0.0655,-0.012967
0.07117,0.068292,0.0021078
0.080209,-0.063464,0.011157
-0.097901,0.061464,0.015262
-0.086123,-0.0655,-0.013567
0.071064,0.068813,0.00027801
0.08021,-0.063066,0.01017
-0.097976,0.061715,0.013928
-0.086047,-0.0655,-0.014167
0.070939,0.069346,-0.0013712
0.080206,-0.062649,0.0090449
-0.098043,0.061996,0.012337
-0.085971,-0.0655,-0.014767
0.07081,0.069855,-0.0027757
0.080186,-0.062241,0.0077881
-0.098095,0.062312,0.010535
-0.085895,-0.0655,-0.015367
0.07069,0.070307,-0.0038888
0.080143,-0.061865,0.0064053
-0.098124,0.062668,0.0085725
-0.085819,-0.0655,-0.015967
0.070595,0.07068,-0.0046832
0.080074,-0.061541,0.0049055
-0.098126,0.063062,0.0064991
-0.085744,-0.0655,-0.016567
0.070533,0.070959,-0.0051515
0.079979,-0.06128,0.0033049
-0.098102,0.063487,0.0043587
-0.085668,-0.0655,-0.017167
0.070512,0.07114,-0.0053063
0.07986,-0.061088,0.0016283
-0.098055,0.063933,0.0021868
-0.085592,-0.0655,-0.017767
0.070532,0.07123,-0.0051783
0.079727,-0.060959,-9.1194e-05
-0.097993,0.06438,1.0316e-05
-0.085516,-0.0655,-0.018367
0.070591,0.071246,-0.0048141
0.079588,-0.060884,-0.0018143
-0.097926,0.064807,-0.0021513
-0.08544,-0.0655,-0.018967
0.070681,0.071209,-0.0042726
0.079457,-0.060848,-0.0034995
-0.097867,0.06519,-0.0042821
-0.085364,-0.0655,-0.019567
0.07079,0.071143,-0.003621
0.079344,-0.060835,-0.005108
-0.097827,0.065504,-0.0063661
-0.085289,-0.0655,-0.020167
0.070904,0.07107,-0.0029305
0.079259,-0.06083,-0.0066077
-0.097817,0.065729,-0.0083832
-0.085213,-0.0655,-0.020767
0.071008,0.071009,-0.0022712
0.07921,-0.060821,-0.0079763
-0.097842,0.065849,-0.010306
-0.085137,-0.0655,-0.021367
0.071089,0.070971,-0.0017081
0.079197,-0.060803,-0.0092018
-0.097905,0.065857,-0.012102
-0.085137,-0.0655,-0.02179
0.071136,0.070957,-0.0012965
0.079218,-0.060777,-0.010282
-0.098004,0.065752,-0.013729
-0.085137,-0.0655,-0.022212
0.071143,0.070961,-0.0010787
0.079266,-0.060751,-0.011218
-0.098132,0.065543,-0.015148
-0.085137,-0.0655,-0.022634
0.071105,0.07097,-0.0010813
0.079331,-0.060738,-0.012016
-0.098278,0.065248,-0.016318
-0.085137,-0.0655,-0.023056
0.071025,0.070966,-0.001314
0.0794,-0.060755,-0.012675
-0.098429,0.064886,-0.017207
-0.085137,-0.0655,-0.023478
0.070908,0.070929,-0.0017685
0.079459,-0.060818,-0.01319
-0.098574,0.064483,-0.017796
-0.085137,-0.0655,-0.023901
0.070761,0.070841,-0.0024199
0.0795,-0.06094,-0.013547
-0.0987,0.064062,-0.018076
-0.085137,-0.0655,-0.024323
0.070594,0.070688,-0.0032276
0.079512,-0.061131,-0.013723
-0.098799,0.063647,-0.018051
-0.085137,-0.0655,-0.024745
0.070417,0.070464,-0.0041388
0.079494,-0.06139,-0.013695
-0.098869,0.063253,-0.017737
-0.085137,-0.0655,-0.025167
0.07024,0.070171,-0.0050908
0.079445,-0.061712,-0.013438
-0.098908,0.062894,-0.017152
-0.085137,-0.0655,-0.02559
0.070069,0.069821,-0.0060155
0.07937,-0.06208,-0.012935
-0.098922,0.062573,-0.016318
-0.085137,-0.0655,-0.026012
0.069909,0.069432,-0.0068432
0.07928,-0.062474,-0.012178
-0.098919,0.062292,-0.015254
-0.085137,-0.0655,-0.026434
0.069763,0.06903,-0.0075069
0.079183,-0.062867,-0.011174
-0.098909,0.062047,-0.013972
-0.085137,-0.0655,-0.026856
0.069631,0.068641,-0.0079458
0.07909,-0.063234,-0.0099432
-0.098902,0.061831,-0.01248
-0.085137,-0.0655,-0.027279
0.069511,0.068293,-0.0081093
0.079013,-0.06355,-0.0085171
-0.098909,0.061638,-0.010784
-0.085137,-0.0655,-0.027701
0.069402,0.068007,-0.0079596
0.078957,-0.063793,-0.0069348
-0.098936,0.061464,-0.008889
-0.085137,-0.0655,-0.028123
0.069301,0.067801,-0.0074744
0.078927,-0.06395,-0.0052377
-0.098988,0.061307,-0.0068053
-0.085137,-0.0655,-0.028545
0.069209,0.067683,-0.0066479
0.078921,-0.064015,-0.0034643
-0.099063,0.061171,-0.0045532
-0.085137,-0.0655,-0.028967
0.069124,0.067653,-0.0054917
0.078936,-0.06399,-0.0016471
-0.099157,0.061062,-0.002165
-0.085137,-0.0655,-0.02939
0.069049,0.067704,-0.0040348
0.078963,-0.063885,0.00018958
-0.099263,0.060991,0.00031471
-0.085137,-0.0655,-0.029812
0.068987,0.067822,-0.0023218
0.078992,-0.063715,0.002028
-0.09937,0.060972,0.0028309
-0.085137,-0.0655,-0.030234
0.068939,0.067991,-0.0004114
0.079013,-0.063499,0.0038546
-0.09947,0.061017,0.0053224
-0.085137,-0.0655,-0.030656
0.06891,0.068191,0.0016263
0.079016,-0.063255,0.0056551
-0.099551,0.061137,0.0077274
-0.085137,-0.0655,-0.031078
0.068901,0.068408,0.0037132
0.078993,-0.063,0.0074109
-0.099606,0.061338,0.009989
-0.085137,-0.0655,-0.031501
0.068913,0.068628,0.0057669
0.078941,-0.062747,0.009096
-0.099633,0.061621,0.01206
-0.085137,-0.0655,-0.031923
0.068943,0.068845,0.0077043
0.078861,-0.062503,0.010675
-0.099631,0.06198,0.013907
-0.085137,-0.0655,-0.032345
0.06899,0.069055,0.0094462
0.078757,-0.06227,0.012106
-0.099605,0.062404,0.015506
-0.085137,-0.0655,-0.032767
0.069046,0.069263,0.010921
0.078636,-0.062046,0.013344
-0.099562,0.062874,0.016846
-0.085137,-0.0655,-0.03319
0.069105,0.069473,0.012066
0.078509,-0.061825,0.014344
-0.099511,0.06337,0.017923
-0.085137,-0.0655,-0.033612
0.069161,0.069692,0.012836
0.078386,-0.061601,0.015069
-0.099462,0.063868,0.018733
-0.085137,-0.0655,-0.034034
0.069206,0.069928,0.0132
0.078275,-0.061369,0.015496
-0.099424,0.064346,0.019274
-0.085137,-0.0655,-0.034456
0.069235,0.070182,0.013144
0.078184,-0.061126,0.015617
-0.099403,0.064787,0.019537
-0.085137,-0.0655,-0.034878
0.069243,0.070454,0.012675
0.078114,-0.060877,0.015438
-0.099401,0.065173,0.019512
-0.085137,-0.0655,-0.035301
0.06923,0.070734,0.011816
0.078066,-0.060628,0.014981
-0.099419,0.065497,0.019185
-0.085137,-0.0655,-0.035723
0.069195,0.071013,0.010611
0.078035,-0.060392,0.014276
-0.099452,0.065753,0.018546
-0.085137,-0.0655,-0.036145
0.069142,0.071274,0.0091162
0.078016,-0.060184,0.013358
-0.099495,0.065942,0.017592
-0.085137,-0.0655,-0.036567
0.069074,0.071498,0.0074022
0.077999,-0.06002,0.012262
-0.099541,0.066067,0.016327
-0.085137,-0.0655,-0.03699
0.068997,0.071669,0.0055487
0.077979,-0.059914,0.011016
-0.099583,0.066132,0.014774
-0.085137,-0.0655,-0.037412
0.068915,0.071772,0.0036406
0.07795,-0.059876,0.0096452
-0.099619,0.066141,0.012964
-0.085137,-0.0655,-0.037834
0.068833,0.071798,0.0017638
0.077908,-0.059912,0.0081654
-0.099646,0.066098,0.010945
-0.085137,-0.0655,-0.038256
0.068754,0.071743,4.2808e-08
0.077855,-0.060019,0.0065911
-0.099667,0.066004,0.008767
-0.085137,-0.0655,-0.038678
0.068679,0.071611,-0.0015769
0.077793,-0.060191,0.0049372
-0.099685,0.065855,0.0064869
-0.085137,-0.0655,-0.039101
0.068608,0.071413,-0.0029062
0.077728,-0.060413,0.0032227
-0.099708,0.065649,0.0041564
-0.085137,-0.0655,-0.039523
0.06854,0.071167,-0.0039431
0.077669,-0.060666,0.0014736
-0.099744,0.065383,0.0018211
-0.085137,-0.0655,-0.039945
0.068474,0.070891,-0.0046625
0.077624,-0.060933,-0.00027685
-0.099803,0.065052,-0.00048238
-0.085137,-0.0655,-0.040367
0.068408,0.070606,-0.0050598
0.0776,-0.061194,-0.0019895
-0.09989,0.064658,-0.0027254
-0.085137,-0.0655,-0.039101
0.06834,0.070332,-0.0051526
0.077601,-0.061433,-0.0036234
-0.10001,0.064204,-0.0048848
-0.085137,-0.0655,-0.037834
0.068271,0.070082,-0.0049786
0.07763,-0.061641,-0.005141
-0.10016,0.063702,-0.0069389
-0.085137,-0.0655,-0.036567
0.068204,0.069865,-0.0045945
0.077685,-0.061814,-0.0065129
-0.10034,0.063168,-0.008863
-0.085137,-0.0655,-0.035301
0.068143,0.06968,-0.0040712
0.077758,-0.061958,-0.0077221
-0.10053,0.062626,-0.010626
-0.085137,-0.0655,-0.034034
0.068095,0.06952,-0.0034893
0.077839,-0.062085,-0.0087657
-0.10072,0.062106,-0.012189
-0.085137,-0.0655,-0.032767
0.06807,0.069372,-0.0029328
0.077914,-0.062212,-0.0096529
-0.1009,0.061641,-0.013508
-0.085137,-0.0655,-0.031501
0.068077,0.069218,-0.0024819
0.077969,-0.06236,-0.010402
-0.10103,0.061268,-0.014535
-0.085137,-0.0655,-0.030234
0.068126,0.069036,-0.0022059
0.077988,-0.062552,-0.011032
-0.1011,0.06102,-0.015226
-0.085137,-0.0655,-0.028967
0.068226,0.068809,-0.0021563
0.077958,-0.062806,-0.011561
-0.10109,0.060927,-0.01555
-0.085137,-0.0655,-0.027701
0.068385,0.068521,-0.0023604
0.07787,-0.063137,-0.011991
-0.10099,0.06101,-0.015489
-0.085137,-0.0655,-0.026434
0.068606,0.068165,-0.0028171
0.077718,-0.063548,-0.012312
-0.1008,0.061282,-0.015047
-0.085137,-0.0655,-0.025167
0.068888,0.067744,-0.003494
0.077505,-0.064035,-0.012498
-0.1005,0.061741,-0.014253
-0.085137,-0.0655,-0.023901
0.069225,0.067267,-0.0043275
0.077238,-0.064582,-0.012505
-0.10012,0.062372,-0.013152
-0.085137,-0.0655,-0.022634
0.069606,0.066758,-0.0052265
0.076931,-0.065161,-0.012283
-0.099668,0.063148,-0.011807
-0.085137,-0.0655,-0.021367
0.070014,0.066247,-0.0060783
0.0766,-0.065738,-0.011782
-0.099173,0.064031,-0.010288
-0.085177,-0.0655,-0.021
0.070429,0.065772,-0.0067582
0.076267,-0.066271,-0.010958
-0.098663,0.064974,-0.0086652
-0.089703,-0.067069,-0.012865
0.070828,0.06537,-0.0071413
0.075953,-0.06672,-0.0097831
-0.09817,0.065926,-0.0069989
-0.088601,-0.066164,-0.0096407
0.071187,0.065079,-0.0071158
0.075679,-0.067046,-0.0082539
-0.097724,0.066834,-0.0053359
-0.087597,-0.06529,-0.006474
0.071485,0.064928,-0.0065964
0.075462,-0.067217,-0.0063926
-0.097351,0.067653,-0.0037046
-0.086715,-0.064492,-0.0035008
0.071705,0.064938,-0.0055357
0.075312,-0.067216,-0.0042477
-0.097071,0.068346,-0.0021146
-0.08597,-0.063807,-0.00082657
0.071839,0.065111,-0.003933
0.075236,-0.067039,-0.0018907
-0.096894,0.068889,-0.00055989
-0.085366,-0.063261,0.0014825
0.071885,0.065437,-0.0018375
0.075231,-0.0667,0.00059023
-0.096822,0.069274,0.0009764
-0.084901,-0.062863,0.0034043
0.07185,0.065889,0.0006535
0.075286,-0.066227,0.0030986
-0.096844,0.069506,0.0025146
-0.084566,-0.06261,0.0049599
0.071749,0.066426,0.003403
0.075385,-0.065665,0.0055385
-0.096944,0.069607,0.0040715
-0.084351,-0.062485,0.0062072
0.071602,0.066998,0.0062476
0.075508,-0.065066,0.007823
-0.097098,0.069607,0.0056534
-0.084244,-0.062458,0.007229
0.071434,0.067553,0.0090138
0.075632,-0.064486,0.0098805
-0.097278,0.069543,0.0072516
-0.084232,-0.062496,0.0081185
0.071267,0.068037,0.011537
0.075736,-0.06398,0.011659
-0.097458,0.069452,0.0088403
-0.0843,-0.062564,0.0089623
0.071121,0.068407,0.013679
0.075802,-0.063592,0.013128
-0.097616,0.069365,0.010377
-0.084435,-0.062634,0.0098255
0.071011,0.068634,0.015341
0.07582,-0.063353,0.014276
-0.097733,0.069303,0.011805
-0.084621,-0.062684,0.01074
0.070944,0.0687,0.016472
0.075784,-0.06328,0.015107
-0.097802,0.069275,0.013061
-0.08484,-0.062705,0.011696
0.070922,0.068609,0.01707
0.075699,-0.063368,0.015637
-0.097822,0.069277,0.014081
-0.085077,-0.062699,0.012647
0.070936,0.068378,0.01718
0.075575,-0.063599,0.015887
-0.097801,0.069295,0.014803
-0.085312,-0.062682,0.01351
0.070975,0.068038,0.016876
0.075427,-0.06394,0.015878
-0.097751,0.069304,0.015183
-0.085529,-0.062675,0.014184
0.071023,0.067628,0.016254
0.075273,-0.064352,0.015628
-0.097689,0.069276,0.015189
-0.085712,-0.062704,0.014563
0.071064,0.067186,0.015407
0.075131,-0.064794,0.015149
-0.097634,0.069186,0.014812
-0.085849,-0.062794,0.014554
0.071086,0.066752,0.014415
0.075015,-0.065225,0.014445
-0.097599,0.069015,0.014061
-0.085935,-0.062963,0.014092
0.071079,0.066353,0.013331
0.074933,-0.065618,0.013519
-0.097596,0.068754,0.012966
-0.085968,-0.063218,0.013154
0.071041,0.066008,0.012175
0.074891,-0.065954,0.012368
-0.097629,0.068407,0.011571
-0.085956,-0.063555,0.011764
0.070976,0.065725,0.010934
0.074883,-0.066227,0.010992
-0.097696,0.067992,0.0099315
-0.085911,-0.063959,0.0099894
0.070893,0.065498,0.0095687
0.074902,-0.066441,0.009394
-0.097789,0.067538,0.0081091
-0.085848,-0.064401,0.0079344
0.070804,0.065317,0.0080281
0.074934,-0.066612,0.0075871
-0.097897,0.067079,0.0061659
-0.085785,-0.06485,0.005725
0.070722,0.065166,0.0062626
0.074966,-0.066756,0.0055932
-0.098005,0.066652,0.0041612
-0.08574,-0.06527,0.0034919
0.070659,0.06503,0.004241
0.074983,-0.066891,0.0034458
-0.098102,0.066292,0.0021473
-0.085726,-0.065628,0.0013522
0.070623,0.064897,0.0019637
0.074978,-0.067029,0.0011896
-0.098177,0.066025,0.00016815
-0.085751,-0.065901,-0.00060589
0.070615,0.064765,-0.0005288
0.074944,-0.067173,-0.0011207
-0.098225,0.065865,-0.0017416
-0.085816,-0.066073,-0.0023335
0.070632,0.064639,-0.0031541
0.074884,-0.067319,-0.0034228
-0.098248,0.065814,-0.0035564
-0.085915,-0.066143,-0.0038252
0.070663,0.064532,-0.0057929
0.074803,-0.067452,-0.0056503
-0.09825,0.065862,-0.0052579
-0.086037,-0.066122,-0.0051153
0.070696,0.064463,-0.0083015
0.074712,-0.067553,-0.0077358
-0.098241,0.065988,-0.0068336
-0.086164,-0.066028,-0.006268
0.070713,0.064452,-0.010528
0.074622,-0.067598,-0.0096148
-0.098233,0.066167,-0.0082741
-0.086277,-0.065883,-0.0073611
0.070701,0.064517,-0.012332
0.074544,-0.067567,-0.01123
-0.098236,0.066372,-0.0095707
-0.086361,-0.065711,-0.0084691
0.070648,0.064667,-0.013603
0.074488,-0.067446,-0.012534
-0.098258,0.066581,-0.010713
-0.086401,-0.065531,-0.0096445
0.07055,0.064902,-0.014276
0.074456,-0.067231,-0.013492
-0.098302,0.066781,-0.011688
-0.086393,-0.065353,-0.010904
0.070412,0.065211,-0.014344
0.074446,-0.066931,-0.014086
-0.098367,0.066967,-0.012476
-0.08634,-0.065175,-0.012219
0.070244,0.06557,-0.013854
0.074449,-0.066566,-0.014313
-0.098444,0.067147,-0.013055
-0.086254,-0.064989,-0.013514
0.070067,0.065946,-0.012911
0.074453,-0.066168,-0.014185
-0.098521,0.067338,-0.013397
-0.086155,-0.064776,-0.014672
0.069903,0.066304,-0.011657
0.074443,-0.065771,-0.013732
-0.098585,0.06756,-0.013471
-0.086067,-0.064515,-0.015546
0.069777,0.066608,-0.010263
0.074405,-0.065414,-0.012995
-0.098623,0.067833,-0.013246
-0.086018,-0.064188,-0.015979
0.069714,0.06683,-0.0089014
0.074327,-0.065125,-0.012023
-0.098625,0.068171,-0.012695
-0.086031,-0.063784,-0.015817
0.069729,0.066958,-0.0077338
0.074207,-0.064925,-0.010869
-0.098588,0.068575,-0.011798
-0.086126,-0.063308,-0.014934
0.069832,0.066997,-0.0068892
0.07405,-0.064818,-0.0095882
-0.098519,0.069033,-0.010546
-0.086313,-0.062781,-0.013245
0.07002,0.066969,-0.0064537
0.073869,-0.064792,-0.0082256
-0.098433,0.069516,-0.0089474
-0.086592,-0.062246,-0.010719
0.070283,0.066919,-0.0064639
0.073688,-0.064819,-0.0068172
-0.098352,0.069977,-0.0070271
-0.08695,-0.061761,-0.0073805
0.070596,0.066907,-0.0069072
0.073537,-0.064858,-0.0053844
-0.098306,0.070361,-0.0048324
-0.087365,-0.061403,-0.0033096
0.070931,0.067001,-0.0077267
0.07345,-0.064858,-0.0039322
-0.098329,0.070604,-0.0024301
-0.087806,-0.061255,0.0013645
0.071251,0.067274,-0.008832
0.07346,-0.06477,-0.0024502
-0.098453,0.070645,9.5332e-05
-0.088239,-0.061398,0.0064772
0.068344,0.0655,-0.019986
0.073595,-0.064549,-0.00091535
-0.098703,0.070433,0.0026465
-0.088626,-0.061909,0.011843
0.068496,0.0655,-0.01949
0.073874,-0.064165,0.00070321
-0.099098,0.069932,0.00512
-0.088935,-0.062842,0.017272
0.068648,0.0655,-0.019002
0.074303,-0.063605,0.0024373
-0.099643,0.06913,0.0074148
-0.089143,-0.06423,0.022584
0.0688,0.0655,-0.01852
0.074874,-0.062879,0.0043123
-0.10033,0.068041,0.009441
-0.089237,-0.066073,0.027622
0.068952,0.0655,-0.018047
0.075565,-0.062019,0.0063392
-0.10113,0.066703,0.011128
-0.089219,-0.068338,0.032262
0.069104,0.0655,-0.01758
0.076337,-0.061076,0.0085086
-0.10201,0.06518,0.012434
-0.089106,-0.07096,0.036419
0.069256,0.0655,-0.017121
0.077145,-0.060116,0.010786
-0.10292,0.063554,0.013345
-0.088928,-0.073844,0.040048
0.069408,0.0655,-0.016669
0.077936,-0.059213,0.013111
-0.10381,0.061916,0.013882
-0.088724,-0.07687,0.04314
0.06956,0.0655,-0.016224
0.078654,-0.058441,0.015397
-0.10462,0.06036,0.014098
-0.08854,-0.079903,0.045719
0.069712,0.0655,-0.015787
0.079251,-0.057866,0.017543
-0.10531,0.058973,0.014067
-0.088425,-0.082802,0.047833
0.069864,0.0655,-0.015358
0.079685,-0.057539,0.019432
-0.10583,0.057829,0.013883
-0.088421,-0.08543,0.049544
0.070016,0.0655,-0.014935
0.079928,-0.057493,0.020952
-0.10616,0.05698,0.013641
-0.088561,-0.087665,0.050917
0.070168,0.0655,-0.01452
0.079969,-0.057735,0.022001
-0.10628,0.056455,0.013431
-0.088866,-0.089406,0.05201
0.07032,0.0655,-0.014112
0.07981,-0.05825,0.0225
-0.10621,0.056255,0.013323
-0.089338,-0.090583,0.052869
0.070472,0.0655,-0.013712
0.079471,-0.059002,0.022403
-0.10595,0.056359,0.013361
-0.08996,-0.091159,0.053518
0.070624,0.0655,-0.013319
0.078985,-0.059935,0.021702
-0.10555,0.056725,0.013551
-0.0907,-0.091135,0.053958
0.070776,0.0655,-0.012933
0.078392,-0.060984,0.02043
-0.10504,0.057296,0.013864
-0.091506,-0.090542,0.054166
0.070928,0.0655,-0.012555
0.077741,-0.062074,0.01866
-0.10447,0.058003,0.014237
-0.092318,-0.089445,0.054096
0.07108,0.0655,-0.012184
0.077078,-0.063134,0.016493
-0.10388,0.058777,0.014577
-0.093067,-0.087931,0.053685
0.071232,0.0655,-0.01182
0.076449,-0.064097,0.014056
-0.10334,0.059551,0.014777
-0.093685,-0.086104,0.052858
0.071384,0.0655,-0.011464
0.075889,-0.064909,0.011482
-0.10286,0.060267,0.014722
-0.09411,-0.084077,0.051537
0.071536,0.0655,-0.011115
0.075426,-0.065529,0.0089005
-0.10248,0.06088,0.014308
-0.094296,-0.081962,0.049648
0.071688,0.0655,-0.010773
0.075078,-0.065934,0.006423
-0.10221,0.06136,0.013454
-0.094209,-0.079865,0.047126
0.07184,0.0655,-0.010439
0.074849,-0.066118,0.0041327
-0.10206,0.061693,0.012109
-0.093842,-0.077878,0.043929
0.071992,0.0655,-0.010112
0.074734,-0.066094,0.002077
-0.10203,0.061882,0.010266
-0.093209,-0.076076,0.040032
0.072144,0.0655,-0.0097923
0.074719,-0.065886,0.00026547
-0.10209,0.061944,0.0079557
-0.092345,-0.074517,0.035441
0.072296,0.0655,-0.0094801
0.074783,-0.065532,-0.0013282
-0.10224,0.061907,0.0052514
-0.091305,-0.073234,0.030188
0.072448,0.0655,-0.0091752
0.074901,-0.065077,-0.0027595
-0.10244,0.061805,0.0022573
-0.090161,-0.072248,0.02433
0.0726,0.0655,-0.0088776
0.075043,-0.064567,-0.0041029
-0.10266,0.06168,-0.0009011
-0.088992,-0.07156,0.017952
0.072752,0.0655,-0.0085874
0.075185,-0.064049,-0.0054392
-0.10288,0.061568,-0.0040902
-0.087879,-0.07116,0.011157
0.072904,0.0655,-0.0083046
0.075303,-0.063563,-0.0068424
-0.10308,0.061505,-0.0071819
-0.086899,-0.07103,0.0040653
0.073056,0.0655,-0.008029
0.07538,-0.063138,-0.0083687
-0.10324,0.061515,-0.010067
-0.086121,-0.071145,-0.0031919
0.073208,0.0655,-0.0077609
0.075407,-0.062792,-0.010047
-0.10335,0.06161,-0.012662
-0.085595,-0.071477,-0.010479
0.07336,0.0655,-0.0075001
0.075382,-0.062529,-0.011875
-0.1034,0.061792,-0.014919
-0.085356,-0.072,-0.017662
0.073512,0.0655,-0.0072466
0.075315,-0.062338,-0.013817
-0.10341,0.062046,-0.016822
-0.085415,-0.072685,-0.024611
0.073664,0.0655,-0.0070005
0.075222,-0.062195,-0.015812
-0.1034,0.062348,-0.018386
-0.085767,-0.073504,-0.031209
0.073816,0.0655,-0.0067617
0.075122,-0.062069,-0.017778
-0.10337,0.062664,-0.019649
-0.086385,-0.074432,-0.03735
0.073968,0.0655,-0.0065303
0.075041,-0.061924,-0.019627
-0.10337,0.062957,-0.020659
-0.087227,-0.075441,-0.042948
0.07412,0.0655,-0.0063062
0.075001,-0.061723,-0.021272
-0.1034,0.063189,-0.021467
-0.088238,-0.076506,-0.047932
0.074272,0.0655,-0.0060894
0.07502,-0.061439,-0.02264
-0.10349,0.063332,-0.022114
-0.089357,-0.0776,-0.052251
0.074424,0.0655,-0.0058801
0.07511,-0.061054,-0.023682
-0.10365,0.063365,-0.022623
-0.090517,-0.078696,-0.055872
0.074576,0.0655,-0.005678
0.075271,-0.060567,-0.024372
-0.10388,0.063285,-0.022999
-0.091654,-0.079766,-0.058781
0.074728,0.0655,-0.0054833
0.075496,-0.059991,-0.024714
-0.10417,0.063102,-0.023224
-0.092706,-0.08078,-0.060976
0.07488,0.0655,-0.005296
0.075765,-0.059355,-0.024731
-0.1045,0.062841,-0.023263
-0.093621,-0.081712,-0.062472
0.075032,0.0655,-0.005116
0.076053,-0.0587,-0.024465
-0.10485,0.06254,-0.023074
-0.094359,-0.082533,-0.063293
0.075184,0.0655,-0.0049433
0.076331,-0.058073,-0.023962
-0.1052,0.06224,-0.022613
-0.09489,-0.083215,-0.063472
0.075336,0.0655,-0.004778
0.076567,-0.057522,-0.023266
-0.1055,0.061986,-0.021845
-0.095199,-0.083732,-0.063047
0.075488,0.0655,-0.0046201
0.076735,-0.057089,-0.022409
-0.10574,0.061815,-0.020755
-0.095282,-0.08406,-0.062059
0.07564,0.0655,-0.0044694
0.076816,-0.056805,-0.021406
-0.10589,0.061755,-0.019351
-0.09515,-0.084178,-0.060551
0.075792,0.0655,-0.0043262
0.0768,-0.056688,-0.02025
-0.10595,0.061819,-0.017664
-0.094821,-0.08407,-0.058564
0.075944,0.0655,-0.0041903
0.076687,-0.056739,-0.01892
-0.10592,0.062007,-0.015752
-0.094325,-0.083725,-0.056135
0.076096,0.0655,-0.0040617
0.076486,-0.056945,-0.01738
-0.1058,0.062302,-0.013686
-0.093694,-0.08314,-0.053299
0.076248,0.0655,-0.0039405
0.076218,-0.057279,-0.015591
-0.10562,0.062675,-0.011548
-0.092967,-0.082323,-0.050084
0.0764,0.0655,-0.0038266
0.075904,-0.057707,-0.013521
-0.10539,0.063091,-0.0094153
-0.09218,-0.081287,-0.046515
0.076552,0.0655,-0.00372
0.075572,-0.05819,-0.011155
-0.10515,0.06351,-0.0073518
-0.091371,-0.080059,-0.042613
0.076704,0.0655,-0.0036209
0.075245,-0.058692,-0.0084998
-0.10492,0.063897,-0.0053995
-0.090574,-0.078673,-0.038396
0.076856,0.0655,-0.003529
0.074943,-0.059183,-0.0055941
-0.10471,0.064221,-0.0035727
-0.08982,-0.077173,-0.033883
0.077008,0.0655,-0.0034445
0.074681,-0.059641,-0.0025052
-0.10454,0.064461,-0.0018566
-0.089134,-0.075607,-0.029094
0.07716,0.0655,-0.0033674
0.074466,-0.060054,0.00067334
-0.10442,0.064606,-0.00021107
-0.088537,-0.074028,-0.024052
0.077312,0.0655,-0.0039674
0.074298,-0.060421,0.0038304
-0.10434,0.064656,0.0014217
-0.088046,-0.072491,-0.018787
0.077464,0.0655,-0.0045674
0.074172,-0.060749,0.0068486
-0.10431,0.064619,0.0031063
-0.087671,-0.071049,-0.013337
0.077616,0.0655,-0.0051674
0.074078,-0.06105,0.0096171
-0.1043,0.06451,0.0049014
-0.087417,-0.069752,-0.0077499
0.077768,0.0655,-0.0057674
0.074006,-0.061338,0.012045
-0.10432,0.064347,0.0068476
-0.087287,-0.068644,-0.002082
0.07792,0.0655,-0.0063674
0.073942,-0.061629,0.014069
-0.10434,0.064147,0.0089571
-0.087275,-0.067765,0.0036005
0.078072,0.0655,-0.0069674
0.073879,-0.061934,0.015667
-0.10435,0.063926,0.011208
-0.087373,-0.067146,0.0092235
0.078224,0.0655,-0.0075674
0.073809,-0.062261,0.016851
-0.10436,0.063695,0.013541
-0.087565,-0.066813,0.014707
0.078376,0.0655,-0.0081674
0.073731,-0.062609,0.017669
-0.10436,0.06346,0.015868
-0.087834,-0.066782,0.019969
0.078528,0.0655,-0.0087674
0.073647,-0.062972,0.018197
-0.10435,0.063221,0.018075
-0.088156,-0.067063,0.024927
0.07868,0.0655,-0.0093674
0.073564,-0.063338,0.018524
-0.10435,0.062972,0.020039
-0.088508,-0.067656,0.029502
0.078832,0.0655,-0.0099674
0.073491,-0.063687,0.018741
-0.10435,0.062703,0.02164
-0.088864,-0.068552,0.033625
0.078984,0.0655,-0.010567
0.073441,-0.063997,0.018924
-0.10438,0.062402,0.022779
-0.0892,-0.069731,0.037235
0.079136,0.0655,-0.011167
0.073428,-0.064242,0.019127
-0.10444,0.062053,0.023385
-0.089495,-0.071162,0.040289
0.079288,0.0655,-0.011767
0.073464,-0.064396,0.019369
-0.10456,0.061643,0.023427
-0.089735,-0.0728,0.042755
0.07944,0.0655,-0.012367
0.073563,-0.064438,0.019633
-0.10474,0.061163,0.022917
-0.089911,-0.074589,0.044622
0.079592,0.0655,-0.012967
0.07373,-0.064349,0.019869
-0.10499,0.060608,0.021906
-0.090022,-0.076463,0.045894
0.079744,0.0655,-0.013567
0.073968,-0.064123,0.02
-0.10531,0.059985,0.020478
-0.090076,-0.078344,0.04659
0.079896,0.0655,-0.014167
0.07427,-0.063762,0.019937
-0.1057,0.059308,0.018738
-0.090085,-0.080149,0.046746
0.080048,0.0655,-0.014767
0.074622,-0.063283,0.019586
-0.10614,0.058605,0.0168
-0.090071,-0.081792,0.046406
0.0802,0.0655,-0.015367
0.075002,-0.062713,0.018865
-0.10661,0.057914,0.01477
-0.090054,-0.083189,0.045621
0.080352,0.0655,-0.015967
0.07538,-0.062094,0.017717
-0.10707,0.057282,0.012738
-0.090058,-0.084267,0.044447
0.080504,0.0655,-0.016567
0.075722,-0.061474,0.016115
-0.1075,0.056763,0.010765
-0.090103,-0.084961,0.042937
0.080656,0.0655,-0.017167
0.075991,-0.060907,0.01407
-0.10785,0.056411,0.0088813
-0.090205,-0.085229,0.041142
0.080808,0.0655,-0.017767
0.076154,-0.060445,0.011627
-0.1081,0.056276,0.0070851
-0.090371,-0.085046,0.039106
0.08096,0.0655,-0.018367
0.076181,-0.060134,0.0088606
-0.1082,0.0564,0.0053485
-0.090601,-0.084415,0.036863
0.081112,0.0655,-0.018967
0.076054,-0.060004,0.0058676
-0.10815,0.056804,0.0036252
-0.090884,-0.083359,0.034436
0.081264,0.0655,-0.019567
0.075767,-0.06007,0.002753
-0.10794,0.057493,0.0018619
-0.091202,-0.08193,0.031843
0.081416,0.0655,-0.020167
0.075331,-0.060322,-0.00037961
-0.10758,0.058444,8.8961e-06
-0.091526,-0.080198,0.029088
0.081568,0.0655,-0.020767
0.074768,-0.060733,-0.0034399
-0.10709,0.059613,-0.0019691
-0.091826,-0.078249,0.026173
0.08172,0.0655,-0.021367
0.074118,-0.061251,-0.0063581
-0.10652,0.060934,-0.0040858
-0.092067,-0.076184,0.023092
0.08172,0.0655,-0.02179
0.073429,-0.061812,-0.0090897
-0.1059,0.062324,-0.0063296
-0.092214,-0.074106,0.01984
0.08172,0.0655,-0.022212
0.072757,-0.06234,-0.011616
-0.1053,0.063692,-0.0086636
-0.092238,-0.07212,0.016411
0.08172,0.0655,-0.022634
0.072156,-0.06276,-0.013938
-0.10477,0.064944,-0.01103
-0.09212,-0.070321,0.012803
0.08172,0.0655,-0.023056
0.071677,-0.063003,-0.016076
-0.10437,0.065996,-0.013357
-0.091847,-0.068789,0.0090209
0.08172,0.0655,-0.023478
0.07136,-0.063017,-0.018053
-0.10412,0.06678,-0.015568
-0.091424,-0.067586,0.0050745
0.08172,0.0655,-0.023901
0.07123,-0.06277,-0.019892
-0.10407,0.067251,-0.017592
-0.090867,-0.06675,0.00098316
0.08172,0.0655,-0.024323
0.071294,-0.062257,-0.021605
-0.10421,0.067393,-0.01937
-0.090206,-0.066294,-0.003226
0.08172,0.0655,-0.024745
0.071542,-0.0615,-0.023189
-0.10453,0.06722,-0.020863
-0.089485,-0.066205,-0.0075177
0.08172,0.0655,-0.025167
0.071944,-0.060548,-0.024623
-0.105,0.066773,-0.022054
-0.088755,-0.066445,-0.011849
0.08172,0.0655,-0.02559
0.072456,-0.059469,-0.025869
-0.10559,0.066117,-0.022948
-0.088075,-0.066957,-0.016173
0.08172,0.0655,-0.026012
0.073025,-0.058349,-0.026877
-0.10624,0.065333,-0.023565
-0.087502,-0.067669,-0.020433
0.08172,0.0655,-0.026434
0.073592,-0.057279,-0.027591
-0.10688,0.064512,-0.023941
-0.087092,-0.068501,-0.024573
0.08172,0.0655,-0.026856
0.074097,-0.056347,-0.027956
-0.10746,0.063742,-0.02411
-0.086889,-0.069373,-0.028533
0.08172,0.0655,-0.027279
0.074489,-0.05563,-0.027928
-0.10793,0.063103,-0.024107
-0.086925,-0.07021,-0.032252
0.08172,0.0655,-0.027701
0.074728,-0.055191,-0.02748
-0.10824,0.062658,-0.023954
-0.087215,-0.070953,-0.035666
0.08172,0.0655,-0.028123
0.074789,-0.055063,-0.026603
-0.10838,0.062446,-0.023659
-0.087754,-0.071562,-0.038715
0.08172,0.0655,-0.028545
0.074665,-0.055256,-0.025315
-0.10833,0.062479,-0.023212
-0.088516,-0.072016,-0.04134
0.08172,0.0655,-0.028967
0.074367,-0.055752,-0.02365
-0.10811,0.062741,-0.022589
-0.089459,-0.07232,-0.043483
0.08172,0.0655,-0.02939
0.073923,-0.056503,-0.021665
-0.10775,0.063191,-0.021755
-0.090522,-0.072499,-0.045094
0.08172,0.0655,-0.029812
0.073379,-0.057442,-0.019423
-0.10728,0.063765,-0.02067
-0.091634,-0.072593,-0.046128
0.08172,0.0655,-0.030234
0.072785,-0.058484,-0.016993
-0.10677,0.064385,-0.019295
-0.09272,-0.072657,-0.046548
0.08172,0.0655,-0.030656
0.072203,-0.059538,-0.014444
-0.10626,0.064963,-0.017599
-0.093702,-0.072748,-0.046327
0.08172,0.0655,-0.031078
0.071688,-0.060511,-0.01183
-0.10583,0.065414,-0.015566
-0.09451,-0.072918,-0.045453
0.08172,0.0655,-0.031501
0.071294,-0.061321,-0.009197
-0.10552,0.065662,-0.013198
-0.095089,-0.073212,-0.043926
0.08172,0.0655,-0.031923
0.071061,-0.061902,-0.0065723
-0.10537,0.06565,-0.010518
-0.095397,-0.073656,-0.041761
0.08172,0.0655,-0.032345
0.071013,-0.062214,-0.0039691
-0.10541,0.065344,-0.0075665
-0.095417,-0.074256,-0.038991
0.08172,0.0655,-0.032767
0.071156,-0.062243,-0.0013872
-0.10564,0.064741,-0.0044017
-0.095153,-0.074995,-0.035663
0.08172,0.0655,-0.03319
0.071477,-0.062005,0.0011824
-0.10605,0.063866,-0.0010929
-0.09463,-0.075835,-0.031837
0.08172,0.0655,-0.033612
0.071943,-0.061547,0.0037529
-0.1066,0.062775,0.0022842
-0.093894,-0.076715,-0.027587
0.08172,0.0655,-0.034034
0.072506,-0.060938,0.0063362
-0.10725,0.061545,0.005654
-0.093006,-0.077564,-0.022998
0.08172,0.0655,-0.034456
0.073106,-0.060264,0.0089379
-0.10794,0.060274,0.0089461
-0.092037,-0.078299,-0.018158
0.08172,0.0655,-0.034878
0.073678,-0.059619,0.011554
-0.10859,0.059066,0.0121
-0.091063,-0.078839,-0.013162
0.08172,0.0655,-0.035301
0.074157,-0.059099,0.01417
-0.10916,0.058023,0.015068
-0.090155,-0.079112,-0.0081028
0.08172,0.0655,-0.035723
0.074486,-0.058786,0.016757
-0.10957,0.057235,0.017817
-0.089379,-0.079061,-0.003069
0.08172,0.0655,-0.036145
0.074622,-0.058741,0.019277
-0.10979,0.056773,0.020324
-0.088783,-0.078653,0.0018559
0.08172,0.0655,-0.036567
0.074539,-0.059,0.021683
-0.10979,0.056676,0.022582
-0.088402,-0.077882,0.0065976
0.08172,0.0655,-0.03699
0.074233,-0.059567,0.023924
-0.10957,0.056955,0.024589
-0.088247,-0.076773,0.011092
0.08172,0.0655,-0.037412
0.073722,-0.060411,0.025952
-0.10914,0.057582,0.026347
-0.088312,-0.075381,0.015287
0.08172,0.0655,-0.037834
0.073043,-0.061473,0.027718
-0.10854,0.0585,0.027861
-0.088568,-0.073789,0.019141
0.08172,0.0655,-0.038256
0.072254,-0.062665,0.029185
-0.10783,0.059625,0.029131
-0.088974,-0.0721,0.022623
0.08172,0.0655,-0.038678
0.07142,-0.063884,0.030326
-0.10708,0.060852,0.030154
-0.089475,-0.070428,0.025713
0.08172,0.0655,-0.039101
0.070616,-0.065017,0.031125
-0.10636,0.062067,0.030922
-0.090007,-0.068894,0.028398
0.08172,0.0655,-0.039523
0.069914,-0.065954,0.031579
-0.10574,0.063157,0.031421
-0.090511,-0.067608,0.030674
0.08172,0.0655,-0.039945
0.069378,-0.066598,0.031693
-0.10528,0.064024,0.03163
-0.090929,-0.066665,0.03254
0.08172,0.0655,-0.040367
0.069057,-0.066875,0.031484
-0.10504,0.064587,0.031532
-0.091214,-0.066133,0.033999
0.08172,0.0655,-0.039101
0.068981,-0.06674,0.030972
-0.10504,0.0648,0.031107
-0.091336,-0.066046,0.035057
0.08172,0.0655,-0.037834
0.069159,-0.066187,0.030178
-0.1053,0.064647,0.03034
-0.091281,-0.066402,0.035717
0.08172,0.0655,-0.036567
0.069575,-0.065243,0.029123
-0.1058,0.064151,0.029226
-0.091054,-0.067161,0.035982
0.08172,0.0655,-0.035301
0.070193,-0.063971,0.027825
-0.1065,0.06337,0.027767
-0.090679,-0.068245,0.035851
0.08172,0.0655,-0.034034
0.070955,-0.062465,0.026296
-0.10734,0.062389,0.025978
-0.090196,-0.069549,0.035322
0.08172,0.0655,-0.032767
0.071792,-0.060839,0.024542
-0.10825,0.061318,0.023883
-0.089654,-0.070946,0.034387
0.08172,0.0655,-0.031501
0.072627,-0.05922,0.022567
-0.10916,0.060275,0.021519
-0.089111,-0.072296,0.033035
0.08172,0.0655,-0.030234
0.07338,-0.057734,0.020369
-0.10999,0.059382,0.018929
-0.088626,-0.073465,0.031257
0.08172,0.0655,-0.028967
0.07398,-0.056497,0.017951
-0.11066,0.058748,0.016163
-0.088252,-0.074328,0.029043
0.08172,0.0655,-0.027701
0.074369,-0.055604,0.015317
-0.11112,0.058461,0.013274
-0.088032,-0.074789,0.02639
0.08172,0.0655,-0.026434
0.074507,-0.055117,0.01248
-0.11132,0.058579,0.010313
-0.087998,-0.074781,0.023305
0.08172,0.0655,-0.025167
0.074378,-0.055066,0.0094619
-0.11125,0.059126,0.0073288
-0.088161,-0.074282,0.019807
0.08172,0.0655,-0.023901
0.073987,-0.055441,0.0062978
-0.11092,0.060086,0.0043634
-0.088516,-0.07331,0.015936
0.08172,0.0655,-0.022634
0.073366,-0.056193,0.0030356
-0.11035,0.061406,0.0014532
-0.08904,-0.071923,0.011755
0.08172,0.0655,-0.021367
0.072565,-0.057243,-0.00026478
-0.1096,0.063002,-0.0013719
-0.089693,-0.070219,0.0073505
0.08168,0.0655,-0.021
0.071649,-0.058485,-0.0035337
-0.10873,0.064762,-0.0040875
-0.090425,-0.06832,0.0028329
0.076391,0.073126,-0.011703
0.070692,-0.0598,-0.0066953
-0.10781,0.066562,-0.0066721
-0.091178,-0.066365,-0.0016647
0.07914,0.071701,-0.012783
0.069769,-0.061066,-0.0096722
-0.10693,0.068274,-0.0091047
-0.091892,-0.064493,-0.0059944
0.081592,0.070445,-0.013751
0.068949,-0.062171,-0.01239
-0.10615,0.069783,-0.011362
-0.092515,-0.062832,-0.010002
0.083644,0.069455,-0.014663
0.068285,-0.063026,-0.014785
-0.10554,0.070994,-0.013417
-0.093003,-0.061488,-0.013539
0.085235,0.068797,-0.015562
0.067813,-0.063574,-0.016801
-0.10511,0.071844,-0.015235
-0.093329,-0.060528,-0.016475
0.086339,0.068494,-0.016473
0.067549,-0.063794,-0.018403
-0.1049,0.072307,-0.016779
-0.093484,-0.059981,-0.018708
0.086975,0.068528,-0.01739
0.067482,-0.063705,-0.019566
-0.10489,0.072397,-0.018003
-0.093479,-0.059835,-0.020179
0.087194,0.068842,-0.018277
0.067584,-0.063362,-0.020286
-0.10506,0.072166,-0.018864
-0.093342,-0.060038,-0.020873
0.087076,0.069351,-0.019065
0.06781,-0.062847,-0.020568
-0.10535,0.071691,-0.019319
-0.093113,-0.060507,-0.020823
0.086717,0.069952,-0.019662
0.068104,-0.062259,-0.020427
-0.10572,0.071069,-0.019336
-0.092842,-0.061142,-0.020102
0.086218,0.070538,-0.019959
0.068409,-0.0617,-0.019886
-0.1061,0.070399,-0.018893
-0.092578,-0.061839,-0.018821
0.085673,0.071012,-0.019846
0.068674,-0.061262,-0.018966
-0.10645,0.069774,-0.017985
-0.092367,-0.0625,-0.017106
0.085162,0.071299,-0.019227
0.068859,-0.061013,-0.01769
-0.10672,0.069262,-0.016628
-0.092239,-0.063049,-0.015091
0.084741,0.071358,-0.018032
0.06894,-0.060991,-0.016075
-0.10689,0.068908,-0.014855
-0.092214,-0.063441,-0.012899
0.084443,0.07118,-0.01623
0.068912,-0.061201,-0.014138
-0.10695,0.068719,-0.01272
-0.09229,-0.063662,-0.010628
0.084272,0.070793,-0.013837
0.068787,-0.061614,-0.011896
-0.10692,0.068677,-0.010288
-0.092451,-0.06373,-0.0083471
0.084214,0.070252,-0.010914
0.068593,-0.062172,-0.0093689
-0.10681,0.068735,-0.0076345
-0.09267,-0.06369,-0.0060894
0.084239,0.06963,-0.0075665
0.068366,-0.062803,-0.0065846
-0.10667,0.068833,-0.0048381
-0.092909,-0.063601,-0.0038564
0.084308,0.069007,-0.0039302
0.068145,-0.063428,-0.003583
-0.10654,0.068908,-0.0019724
-0.093131,-0.063528,-0.0016254
0.084381,0.068454,-0.0001606
0.067964,-0.063976,-0.0004191
-0.10644,0.068906,0.00089727
-0.093303,-0.063525,0.00063868
0.084426,0.06803,0.0035844
0.067847,-0.064391,0.0028364
-0.10641,0.068791,0.0037179
-0.093403,-0.06363,0.0029698
0.084424,0.067763,0.0071597
0.067808,-0.064645,0.006098
-0.10645,0.068554,0.0064495
-0.093423,-0.063854,0.0053878
0.084367,0.067658,0.010446
0.067842,-0.064737,0.0092696
-0.10656,0.068213,0.0090638
-0.093368,-0.064181,0.0078879
0.084266,0.067691,0.013356
0.067931,-0.064692,0.012251
-0.10673,0.067813,0.011541
-0.093258,-0.06457,0.010435
0.08414,0.067819,0.015844
0.068048,-0.064556,0.014943
-0.10692,0.067413,0.013862
-0.093124,-0.064963,0.012961
0.084016,0.06799,0.017895
0.068161,-0.064384,0.017259
-0.10711,0.067083,0.016009
-0.092998,-0.065291,0.015373
0.08392,0.068149,0.019523
0.068236,-0.06423,0.019132
-0.10726,0.066887,0.017952
-0.092914,-0.065492,0.017562
0.083875,0.068253,0.020759
0.06825,-0.064137,0.020517
-0.10735,0.066871,0.019654
-0.092896,-0.065519,0.019412
0.083891,0.068278,0.021638
0.068189,-0.064127,0.021397
-0.10736,0.067057,0.021063
-0.092955,-0.065349,0.020821
0.083967,0.068227,0.022191
0.068056,-0.064196,0.021782
-0.1073,0.067435,0.022118
-0.09309,-0.064988,0.021709
0.084086,0.068125,0.022431
0.067866,-0.064314,0.021706
-0.10719,0.067966,0.022754
-0.093281,-0.064474,0.02203
0.084221,0.068019,0.022353
0.06765,-0.064431,0.021222
-0.10704,0.068582,0.022907
-0.093499,-0.063868,0.021776
0.084337,0.067968,0.021934
0.067443,-0.064483,0.020389
-0.10691,0.069201,0.022524
-0.093704,-0.063251,0.020979
0.084396,0.068034,0.021136
0.067285,-0.064405,0.01927
-0.10682,0.069734,0.021572
-0.093856,-0.062706,0.019706
0.084368,0.068267,0.019918
0.067208,-0.064144,0.017918
-0.10681,0.070103,0.020045
-0.093922,-0.062308,0.018045
0.084231,0.068697,0.018246
0.067234,-0.063667,0.016374
-0.10691,0.070253,0.017967
-0.093878,-0.062111,0.016096
0.083981,0.069325,0.016104
0.067369,-0.062976,0.014661
-0.10711,0.07016,0.015399
-0.093718,-0.062142,0.013956
0.083633,0.070118,0.013506
0.067601,-0.062108,0.012782
-0.10741,0.069837,0.01243
-0.093457,-0.062389,0.011706
0.083218,0.071011,0.010499
0.067899,-0.061134,0.010726
-0.10778,0.069338,0.0091773
-0.093126,-0.062807,0.0094046
0.082783,0.071913,0.0071682
0.06822,-0.060157,0.0084733
-0.10818,0.068749,0.0057736
-0.092776,-0.063321,0.0070786
0.082387,0.072716,0.0036285
0.068507,-0.059299,0.0059972
-0.10855,0.06818,0.0023597
-0.092466,-0.063835,0.0047284
0.082089,0.073307,1.8282e-05
0.068705,-0.058686,0.003277
-0.10884,0.067749,-0.00092771
-0.092259,-0.064245,0.0023309
0.081947,0.073584,-0.0035143
0.06876,-0.058437,0.00030146
-0.109,0.067572,-0.0039661
-0.092215,-0.064449,-0.00015046
0.082003,0.073468,-0.0068263
0.068635,-0.058645,-0.0029253
-0.10899,0.067745,-0.0066545
-0.092381,-0.064368,-0.0027537
0.082284,0.07291,-0.0097951
0.068306,-0.059372,-0.0063821
-0.10879,0.068332,-0.0089192
-0.092786,-0.06395,-0.0055062
0.082796,0.071906,-0.012331
0.067775,-0.06063,-0.01003
-0.1084,0.069357,-0.010715
-0.093437,-0.063179,-0.0084143
0.083519,0.070489,-0.014386
0.067064,-0.062389,-0.013816
-0.10786,0.070798,-0.012024
-0.094315,-0.06208,-0.011455
0.084413,0.068736,-0.015959
0.066219,-0.064568,-0.017678
-0.10719,0.072591,-0.012854
-0.095379,-0.060713,-0.014573
0.085417,0.066754,-0.017093
0.0653,-0.06705,-0.021545
-0.10645,0.074633,-0.013229
-0.096568,-0.059171,-0.017681
0.086459,0.064672,-0.017868
0.06438,-0.069683,-0.02535
-0.10573,0.076787,-0.013187
-0.097805,-0.057568,-0.02067
0.087457,0.062634,-0.018389
0.063536,-0.072301,-0.029029
-0.1075,0.0655,-0.019986
-0.099006,-0.05603,-0.023414
0.088332,0.060777,-0.018776
0.062844,-0.074732,-0.032521
-0.10728,0.0655,-0.01949
-0.10009,-0.054682,-0.025785
0.08901,0.059229,-0.019141
0.062366,-0.076816,-0.035778
-0.10705,0.0655,-0.019002
-0.10097,-0.053637,-0.027668
0.089433,0.058092,-0.019578
0.062153,-0.078419,-0.038756
-0.10682,0.0655,-0.01852
-0.10159,-0.052986,-0.028972
0.08956,0.057438,-0.020151
0.062231,-0.079441,-0.041417
-0.10659,0.0655,-0.018047
-0.1019,-0.052793,-0.029641
0.089374,0.057301,-0.020883
0.062605,-0.079825,-0.043728
-0.10636,0.0655,-0.01758
-0.10189,-0.053086,-0.02966
0.08888,0.057675,-0.021757
0.063254,-0.079563,-0.045655
-0.10613,0.0655,-0.017121
-0.10156,-0.053858,-0.029058
0.088109,0.058518,-0.022712
0.064135,-0.078693,-0.047167
-0.10591,0.0655,-0.016669
-0.10093,-0.055066,-0.027905
0.087112,0.05975,-0.023657
0.065184,-0.077296,-0.048231
-0.10568,0.0655,-0.016224
-0.10006,-0.056634,-0.026305
0.085955,0.061266,-0.024476
0.066322,-0.075491,-0.048813
-0.10545,0.0655,-0.015787
-0.099019,-0.058462,-0.024385
0.084718,0.062938,-0.025045
0.067462,-0.073422,-0.048877
-0.10522,0.0655,-0.015358
-0.097883,-0.060427,-0.02228
0.083485,0.064627,-0.025247
0.068512,-0.071245,-0.048393
-0.10499,0.0655,-0.014935
-0.09674,-0.062399,-0.020124
0.08234,0.066197,-0.024983
0.069389,-0.069124,-0.047332
-0.10476,0.0655,-0.01452
-0.095675,-0.064248,-0.01803
0.081358,0.067519,-0.024184
0.070021,-0.067208,-0.045673
-0.10454,0.0655,-0.014112
-0.094768,-0.065851,-0.016086
0.080604,0.068486,-0.022823
0.070355,-0.065632,-0.043404
-0.10431,0.0655,-0.013712
-0.094082,-0.067108,-0.014342
0.080124,0.069021,-0.020914
0.07036,-0.064498,-0.040526
-0.10408,0.0655,-0.013319
-0.093668,-0.067941,-0.01281
0.079941,0.06908,-0.018513
0.070034,-0.063878,-0.03705
-0.10385,0.0655,-0.012933
-0.093549,-0.06831,-0.011464
0.080059,0.068658,-0.015713
0.069399,-0.063805,-0.033005
-0.10362,0.0655,-0.012555
-0.093731,-0.068207,-0.010246
0.080456,0.067789,-0.012634
0.068502,-0.064276,-0.028431
-0.1034,0.0655,-0.012184
-0.094192,-0.067664,-0.0090749
0.081089,0.066544,-0.0094111
0.067414,-0.065251,-0.023381
-0.10317,0.0655,-0.01182
-0.09489,-0.066743,-0.0078566
0.081899,0.065023,-0.0061811
0.066217,-0.066661,-0.017922
-0.10294,0.0655,-0.011464
-0.095767,-0.065537,-0.0064997
0.082812,0.063348,-0.0030696
0.065006,-0.068414,-0.012125
-0.10271,0.0655,-0.011115
-0.096749,-0.064158,-0.0049257
0.083747,0.06165,-0.00017947
0.063876,-0.070398,-0.0060732
-0.10248,0.0655,-0.010773
-0.097755,-0.062729,-0.0030806
0.084625,0.060062,0.002418
0.062915,-0.072497,0.00015
-0.10225,0.0655,-0.010439
-0.098705,-0.061369,-0.00094306
0.085372,0.058704,0.0046878
0.062201,-0.074594,0.0064576
-0.10203,0.0655,-0.010112
-0.099527,-0.06019,0.0014719
0.085929,0.057675,0.0066321
0.06179,-0.076581,0.012763
-0.1018,0.0655,-0.0097923
-0.10016,-0.059279,0.0041124
0.086254,0.057042,0.0082866
0.061717,-0.078362,0.018981
-0.10157,0.0655,-0.0094801
-0.10056,-0.058696,0.0068942
0.08633,0.056838,0.0097131
0.061993,-0.079864,0.025028
-0.10134,0.0655,-0.0091752
-0.10072,-0.058467,0.0097082
0.08616,0.057056,0.010989
0.062601,-0.081035,0.030824
-0.10111,0.0655,-0.0088777
-0.10063,-0.058582,0.012432
0.085771,0.057656,0.012197
0.063499,-0.081849,0.036293
-0.10089,0.0655,-0.0085874
-0.10032,-0.058996,0.01494
0.085211,0.058566,0.013409
0.064625,-0.082302,0.041359
-0.10066,0.0655,-0.0083046
-0.099849,-0.059638,0.017119
0.084539,0.05969,0.014681
0.0659,-0.082412,0.045951
-0.10043,0.0655,-0.0080291
-0.099264,-0.060416,0.018879
0.083825,0.060919,0.016038
0.067233,-0.082213,0.050002
-0.1002,0.0655,-0.0077609
-0.098638,-0.061224,0.02016
0.083137,0.062141,0.017473
0.068528,-0.081755,0.053448
-0.099974,0.0655,-0.0075001
-0.09804,-0.061959,0.020938
0.082541,0.063255,0.018947
0.069694,-0.081093,0.056229
-0.099745,0.0655,-0.0072466
-0.097534,-0.062527,0.021229
0.082086,0.064175,0.020387
0.070645,-0.080284,0.058294
-0.099517,0.0655,-0.0070005
-0.097171,-0.062852,0.021084
0.081809,0.064841,0.021698
0.071316,-0.079383,0.059597
-0.099289,0.0655,-0.0067617
-0.096985,-0.062886,0.020582
0.081725,0.065224,0.022773
0.071659,-0.078436,0.060103
-0.099061,0.0655,-0.0065303
-0.096993,-0.062611,0.019821
0.08183,0.065324,0.023502
0.071653,-0.077479,0.059791
-0.098833,0.0655,-0.0063062
-0.097189,-0.06204,0.018905
0.0821,0.065174,0.023787
0.071301,-0.076535,0.058648
-0.098604,0.0655,-0.0060895
-0.097548,-0.061215,0.017934
0.082494,0.064829,0.023553
0.070633,-0.075612,0.05668
-0.098376,0.0655,-0.0058801
-0.098031,-0.060204,0.016989
0.082961,0.064365,0.022758
0.069703,-0.07471,0.053907
-0.098148,0.0655,-0.005678
-0.098584,-0.059092,0.016125
0.083443,0.063868,0.021397
0.06858,-0.073817,0.050363
-0.09792,0.0655,-0.0054834
-0.09915,-0.057977,0.015365
0.08388,0.063425,0.019507
0.06735,-0.07292,0.0461
-0.097692,0.0655,-0.005296
-0.099669,-0.056953,0.014695
0.084217,0.063118,0.017161
0.066102,-0.072004,0.041181
-0.097463,0.0655,-0.005116
-0.10009,-0.056111,0.014073
0.084409,0.063013,0.014463
0.064923,-0.071061,0.035686
-0.097235,0.0655,-0.0049434
-0.10036,-0.055526,0.013428
0.084425,0.063156,0.011535
0.063892,-0.070091,0.029703
-0.097007,0.0655,-0.004778
-0.10045,-0.05525,0.012674
0.084249,0.063567,0.0085079
0.063073,-0.069109,0.023333
-0.096779,0.0655,-0.0046201
-0.10035,-0.055309,0.011721
0.083882,0.064238,0.0055054
0.062511,-0.068143,0.01668
-0.096551,0.0655,-0.0044695
-0.10006,-0.055704,0.01049
0.083348,0.065134,0.0026341
0.062225,-0.067234,0.0098537
-0.096323,0.0655,-0.0043262
-0.099596,-0.056404,0.0089195
0.082681,0.066193,-2.7355e-05
0.062216,-0.066437,0.0029659
-0.096094,0.0655,-0.0041903
-0.099004,-0.057352,0.006977
0.081935,0.067333,-0.0024338
0.062458,-0.065811,-0.0038747
-0.095866,0.0655,-0.0040617
-0.098334,-0.058469,0.0046654
0.081172,0.068453,-0.0045751
0.06291,-0.065419,-0.010563
-0.095638,0.0655,-0.0039405
-0.097647,-0.059661,0.0020226
0.080458,0.06945,-0.0064731
0.063513,-0.065317,-0.017003
-0.09541,0.0655,-0.0038266
-0.09701,-0.060821,-0.00088156
0.079862,0.070218,-0.0081751
0.064203,-0.065552,-0.023106
-0.095182,0.0655,-0.0037201
-0.096492,-0.061847,-0.0039523
0.079443,0.070664,-0.0097435
0.06491,-0.06615,-0.028796
-0.094953,0.0655,-0.0036209
-0.096152,-0.062642,-0.0070803
0.079249,0.070716,-0.011245
0.065569,-0.067119,-0.034011
-0.094725,0.0655,-0.003529
-0.096039,-0.06313,-0.010153
0.079313,0.070329,-0.012738
0.066123,-0.06844,-0.038703
-0.094497,0.0655,-0.0034445
-0.096183,-0.063258,-0.013068
0.079643,0.069493,-0.014266
0.066528,-0.070068,-0.042837
-0.094269,0.0655,-0.0033674
-0.096594,-0.063007,-0.015738
0.080226,0.068233,-0.015845
0.066755,-0.071935,-0.046395
-0.094041,0.0655,-0.0039674
-0.097258,-0.062393,-0.018107
0.081026,0.066614,-0.017467
0.066792,-0.073952,-0.049368
-0.093812,0.0655,-0.0045674
-0.098139,-0.061466,-0.020144
0.081986,0.064731,-0.019096
0.066646,-0.076014,-0.05176
-0.093584,0.0655,-0.0051674
-0.099179,-0.06031,-0.021848
0.083031,0.062709,-0.020675
0.066335,-0.078004,-0.053581
-0.093356,0.0655,-0.0057674
-0.1003,-0.059032,-0.023245
0.084076,0.060685,-0.022132
0.065893,-0.079806,-0.054849
-0.093128,0.0655,-0.0063674
-0.10143,-0.057756,-0.024374
0.085033,0.058804,-0.023394
0.065363,-0.081307,-0.055585
-0.0929,0.0655,-0.0069674
-0.10246,-0.056611,-0.025286
0.085817,0.057202,-0.024392
0.064791,-0.082408,-0.055809
-0.092671,0.0655,-0.0075674
-0.10332,-0.055721,-0.026025
0.086357,0.055997,-0.025074
0.064226,-0.08303,-0.055541
-0.092443,0.0655,-0.0081674
-0.10394,-0.05519,-0.026629
0.086598,0.055277,-0.025411
0.063711,-0.083123,-0.054798
-0.092215,0.0655,-0.0087674
-0.10425,-0.055094,-0.027113
0.08651,0.055093,-0.025398
0.063284,-0.082667,-0.053596
-0.091987,0.0655,-0.0093674
-0.10423,-0.055477,-0.027474
0.086089,0.055454,-0.02506
0.062971,-0.081676,-0.051944
-0.091759,0.0655,-0.0099674
-0.10388,-0.056342,-0.027687
0.085359,0.056327,-0.024441
0.062788,-0.080199,-0.049853
-0.091531,0.0655,-0.010567
-0.10322,-0.057652,-0.027711
0.084367,0.057641,-0.023601
0.062734,-0.078321,-0.047329
-0.091302,0.0655,-0.011167
-0.1023,-0.059334,-0.027491
0.083181,0.059289,-0.022607
0.062799,-0.076151,-0.044383
-0.091074,0.0655,-0.011767
-0.10119,-0.061284,-0.026976
0.081885,0.061141,-0.021519
0.06296,-0.073824,-0.041028
-0.090846,0.0655,-0.012367
-0.09996,-0.063374,-0.02612
0.080571,0.063051,-0.020386
0.063186,-0.071486,-0.037279
-0.090618,0.0655,-0.012967
-0.098716,-0.065464,-0.024896
0.07933,0.064871,-0.019238
0.063443,-0.069285,-0.033163
-0.09039,0.0655,-0.013567
-0.097549,-0.067412,-0.0233
0.078251,0.06646,-0.018079
0.063693,-0.067364,-0.028709
-0.090161,0.0655,-0.014167
-0.096544,-0.069085,-0.021355
0.077407,0.067697,-0.016891
0.063906,-0.065848,-0.023957
-0.089933,0.0655,-0.014767
-0.095776,-0.070369,-0.019111
0.076856,0.068489,-0.015636
0.064054,-0.064836,-0.018955
-0.089705,0.0655,-0.015367
-0.095303,-0.071176,-0.016639
0.076633,0.068776,-0.014265
0.064124,-0.064393,-0.013754
-0.089477,0.0655,-0.015967
-0.095159,-0.071455,-0.014025
0.076748,0.068541,-0.012726
0.064113,-0.064547,-0.0084135
-0.089249,0.0655,-0.016567
-0.095356,-0.071189,-0.01136
0.077189,0.067803,-0.010973
0.064031,-0.065286,-0.0029911
-0.08902,0.0655,-0.017167
-0.09588,-0.070402,-0.0087287
0.077917,0.066625,-0.0089803
0.063897,-0.066564,0.0024535
-0.088792,0.0655,-0.017767
-0.096692,-0.069155,-0.0062001
0.078875,0.065099,-0.0067448
0.063741,-0.068297,0.0078639
-0.088564,0.0655,-0.018367
-0.097735,-0.067541,-0.0038202
0.079986,0.063349,-0.0042919
0.063597,-0.070381,0.013188
-0.088336,0.0655,-0.018967
-0.098932,-0.065679,-0.0016077
0.081164,0.061513,-0.0016747
0.063501,-0.072689,0.018377
-0.088108,0.0655,-0.019567
-0.1002,-0.063702,0.00044628
0.082318,0.059738,0.0010297
0.063485,-0.07509,0.023391
-0.087879,0.0655,-0.020167
-0.10143,-0.061752,0.002374
0.083358,0.058164,0.003729
0.063572,-0.077452,0.028194
-0.087651,0.0655,-0.020767
-0.10256,-0.059963,0.0042238
0.084206,0.056914,0.0063254
0.063776,-0.079652,0.032752
-0.087423,0.0655,-0.021367
-0.10349,-0.058453,0.00605
0.084801,0.056086,0.0087274
0.064099,-0.081585,0.037038
-0.087423,0.0655,-0.02179
-0.10417,-0.057313,0.0079022
0.085101,0.05574,0.010861
0.064527,-0.083168,0.041024
-0.087423,0.0655,-0.022212
-0.10456,-0.056602,0.0098146
0.085093,0.055896,0.012677
0.065033,-0.084344,0.044681
-0.087423,0.0655,-0.022634
-0.10464,-0.056336,0.011798
0.084789,0.056531,0.014159
0.065581,-0.085081,0.047979
-0.087423,0.0655,-0.023056
-0.10442,-0.056495,0.013833
0.084228,0.057586,0.015323
0.066124,-0.085375,0.050884
-0.087423,0.0655,-0.023478
-0.10394,-0.057019,0.015873
0.083469,0.058963,0.016213
0.066611,-0.085242,0.053359
-0.087423,0.0655,-0.023901
-0.10326,-0.057818,0.017843
0.082587,0.060545,0.016897
0.066991,-0.08472,0.055362
-0.087423,0.0655,-0.024323
-0.10246,-0.058779,0.019651
0.081665,0.062198,0.017454
0.067219,-0.083864,0.056847
-0.087423,0.0655,-0.024745
-0.10162,-0.059778,0.021198
0.080785,0.06379,0.017962
0.067256,-0.082734,0.057769
-0.087423,0.0655,-0.025167
-0.10083,-0.060696,0.022386
0.080021,0.065204,0.018486
0.067078,-0.0814,0.058079
-0.087423,0.0655,-0.02559
-0.10014,-0.061424,0.023138
0.079432,0.066342,0.019068
0.066679,-0.07993,0.057733
-0.087423,0.0655,-0.026012
-0.099638,-0.06188,0.023402
0.079055,0.067143,0.019716
0.066068,-0.078388,0.056693
-0.087423,0.0655,-0.026434
-0.099344,-0.062014,0.023166
0.078904,0.067581,0.020405
0.065275,-0.076832,0.054928
-0.087423,0.0655,-0.026856
-0.099276,-0.061815,0.022454
0.078968,0.067665,0.021072
0.064348,-0.07531,0.05242
-0.087423,0.0655,-0.027279
-0.099424,-0.061305,0.021331
0.079216,0.067444,0.021629
0.063349,-0.073857,0.049167
-0.087423,0.0655,-0.027701
-0.099756,-0.060544,0.019896
0.079599,0.066989,0.021965
0.062352,-0.072499,0.045183
-0.087423,0.0655,-0.028123
-0.10022,-0.059617,0.01827
0.080056,0.066392,0.021968
0.061437,-0.071251,0.040502
-0.087423,0.0655,-0.028545
-0.10076,-0.058625,0.016585
0.080521,0.065753,0.02153
0.060685,-0.07012,0.03518
-0.087423,0.0655,-0.028967
-0.10131,-0.057677,0.014969
0.080929,0.065167,0.020571
0.060166,-0.06911,0.029291
-0.087423,0.0655,-0.02939
-0.1018,-0.056876,0.013529
0.081227,0.064719,0.019044
0.059939,-0.068224,0.02293
-0.087423,0.0655,-0.029812
-0.10218,-0.056312,0.012341
0.081371,0.06447,0.016948
0.060042,-0.067469,0.016209
-0.087423,0.0655,-0.030234
-0.10241,-0.056052,0.011443
0.081337,0.064455,0.014329
0.060488,-0.066857,0.0092535
-0.087423,0.0655,-0.030656
-0.10246,-0.056133,0.010825
0.081121,0.064682,0.01128
0.061264,-0.066412,0.0022
-0.087423,0.0655,-0.031078
-0.10232,-0.056563,0.010434
0.080736,0.065124,0.0079349
0.062328,-0.066162,-0.0048104
-0.087423,0.0655,-0.031501
-0.10202,-0.057317,0.010182
0.080214,0.065732,0.0044541
0.063613,-0.066146,-0.011637
-0.087423,0.0655,-0.031923
-0.10158,-0.058341,0.0099508
0.079601,0.06643,0.0010126
0.065032,-0.066406,-0.018143
-0.087423,0.0655,-0.032345
-0.10105,-0.059557,0.009612
0.078955,0.067129,-0.0022171
0.066483,-0.066981,-0.024207
-0.087423,0.0655,-0.032767
-0.10048,-0.06087,0.0090387
0.078338,0.067731,-0.0050812
0.067859,-0.067905,-0.02972
-0.087423,0.0655,-0.03319
-0.099942,-0.062173,0.0081216
0.077815,0.068139,-0.0074585
0.069056,-0.0692,-0.034597
-0.087423,0.0655,-0.033612
-0.099498,-0.063359,0.0067827
0.077445,0.068266,-0.0092709
0.069981,-0.070867,-0.038776
-0.087423,0.0655,-0.034034
-0.099205,-0.06433,0.0049847
0.077277,0.068044,-0.01049
0.070563,-0.072884,-0.042221
-0.087423,0.0655,-0.034456
-0.099112,-0.065004,0.0027371
0.077345,0.06743,-0.011136
0.070754,-0.075204,-0.044925
-0.087423,0.0655,-0.034878
-0.099254,-0.065321,9.6267e-05
0.077664,0.066413,-0.011279
0.070539,-0.07775,-0.046904
-0.087423,0.0655,-0.035301
-0.099646,-0.065254,-0.0028384
0.078229,0.065018,-0.011024
0.069931,-0.080419,-0.048198
-0.087423,0.0655,-0.035723
-0.10028,-0.064808,-0.0059331
0.07901,0.063302,-0.010503
0.068975,-0.083089,-0.048866
-0.087423,0.0655,-0.036145
-0.10113,-0.064021,-0.0090319
0.079958,0.061357,-0.0098602
0.06774,-0.085621,-0.048978
-0.087423,0.0655,-0.036567
-0.10214,-0.062963,-0.01197
0.081004,0.0593,-0.0092375
0.066315,-0.087869,-0.048612
-0.087423,0.0655,-0.03699
-0.10325,-0.061735,-0.014591
0.082066,0.057266,-0.0087581
0.064801,-0.089692,-0.047844
-0.087423,0.0655,-0.037412
-0.10438,-0.060452,-0.016756
0.083056,0.055399,-0.0085166
0.0633,-0.090964,-0.046745
-0.087423,0.0655,-0.037834
-0.10543,-0.059243,-0.018362
0.083887,0.053838,-0.008569
0.061912,-0.091583,-0.045373
-0.087423,0.0655,-0.038256
-0.10633,-0.058233,-0.019344
0.08448,0.052705,-0.0089285
0.060725,-0.091481,-0.04377
-0.087423,0.0655,-0.038678
-0.10699,-0.057537,-0.019684
0.084775,0.052097,-0.009565
0.059805,-0.090633,-0.041961
-0.087423,0.0655,-0.039101
-0.10735,-0.057245,-0.01941
0.084732,0.052071,-0.010409
0.059199,-0.089056,-0.039952
-0.087423,0.0655,-0.039523
-0.10739,-0.057414,-0.01859
0.084342,0.052645,-0.01136
0.058924,-0.086818,-0.037736
-0.087423,0.0655,-0.039945
-0.10707,-0.058063,-0.017327
0.08362,0.053788,-0.012296
0.058972,-0.084025,-0.035293
-0.087423,0.0655,-0.040367
-0.10644,-0.05917,-0.015743
0.082612,0.055426,-0.013088
0.059311,-0.080824,-0.032599
-0.087423,0.0655,-0.039101
-0.10552,-0.060671,-0.013973
0.081386,0.057446,-0.013613
0.059886,-0.077388,-0.029631
-0.087423,0.0655,-0.037834
-0.10439,-0.062465,-0.012147
0.080028,0.059703,-0.013767
0.060625,-0.073904,-0.026374
-0.087423,0.0655,-0.036567
-0.10313,-0.064427,-0.01038
0.078634,0.062038,-0.01347
0.061449,-0.070561,-0.02283
-0.087423,0.0655,-0.035301
-0.10184,-0.066412,-0.0087579
0.0773,0.064286,-0.012684
0.062273,-0.067536,-0.01902
-0.087423,0.0655,-0.034034
-0.10061,-0.068274,-0.007338
0.076116,0.066295,-0.011404
0.063021,-0.064975,-0.014991
-0.087423,0.0655,-0.032767
-0.099519,-0.069878,-0.0061393
0.075153,0.067937,-0.0096693
0.063626,-0.062991,-0.010813
-0.087423,0.0655,-0.031501
-0.098648,-0.071113,-0.005146
0.074464,0.069124,-0.0075509
0.064043,-0.061646,-0.0065805
-0.087423,0.0655,-0.030234
-0.09804,-0.071904,-0.0043121
0.074071,0.069811,-0.0051486
0.064245,-0.060951,-0.0024072
-0.087423,0.0655,-0.028967
-0.097716,-0.072217,-0.0035687
0.073971,0.070002,-0.00258
0.064232,-0.060868,0.0015821
-0.087423,0.0655,-0.027701
-0.097671,-0.072068,-0.0028346
0.074136,0.069751,3.0977e-05
0.064027,-0.061309,0.0052603
-0.087423,0.0655,-0.026434
-0.097872,-0.071513,-0.0020277
0.07451,0.069148,0.0025646
0.063672,-0.06215,0.0085084
-0.087423,0.0655,-0.025167
-0.098264,-0.070647,-0.001076
0.075027,0.068316,0.004916
0.063226,-0.063242,0.011227
-0.087423,0.0655,-0.023901
-0.09878,-0.069593,7.2206e-05
0.075609,0.06739,0.0070031
0.062752,-0.064425,0.013347
-0.087423,0.0655,-0.022634
-0.099342,-0.068485,0.001441
0.076178,0.066505,0.0087718
0.062314,-0.065547,0.014836
-0.087423,0.0655,-0.021367
-0.099876,-0.067455,0.0030226
0.076668,0.06578,0.010198
0.061969,-0.06648,0.015706
-0.087463,0.0655,-0.021
-0.10032,-0.066614,0.0047767
0.077027,0.065301,0.011285
0.061755,-0.067128,0.016011
-0.095804,0.066384,0.0019069
-0.10062,-0.066046,0.0066336
0.077224,0.065117,0.012061
0.061695,-0.067443,0.015847
-0.092854,0.066768,0.0047152
-0.10076,-0.065792,0.0085014
0.077253,0.065229,0.012571
0.061786,-0.067421,0.015336
-0.090337,0.0668,0.007509
-0.10074,-0.06585,0.010274
0.077132,0.0656,0.012867
0.062006,-0.067104,0.014617
-0.088315,0.066527,0.010094
-0.10057,-0.066177,0.011844
0.076897,0.066156,0.013002
0.062314,-0.066569,0.013829
-0.086798,0.066031,0.012283
-0.1003,-0.066694,0.013111
0.076596,0.066801,0.013019
0.062658,-0.065918,0.01309
-0.085757,0.065415,0.01392
-0.099976,-0.067304,0.013992
0.076282,0.067432,0.012947
0.062985,-0.065258,0.012488
-0.08513,0.064789,0.014892
-0.099661,-0.067902,0.014433
0.076006,0.067956,0.012798
0.063243,-0.064689,0.012061
-0.084835,0.064252,0.015144
-0.099403,-0.068393,0.014408
0.075805,0.068301,0.012562
0.063398,-0.064287,0.011801
-0.084781,0.063881,0.014686
-0.099239,-0.068707,0.013926
0.075703,0.06843,0.012213
0.063429,-0.064095,0.011649
-0.084887,0.063719,0.013588
-0.099192,-0.068806,0.013025
0.075703,0.068341,0.011711
0.063339,-0.064119,0.011509
-0.085082,0.063768,0.011973
-0.099263,-0.068692,0.011772
0.07579,0.06807,0.011013
0.063149,-0.06433,0.011263
-0.085317,0.063999,0.009998
-0.099433,-0.068401,0.010248
0.075933,0.067682,0.010074
0.062895,-0.064667,0.010788
-0.085564,0.064349,0.0078342
-0.099671,-0.068,0.0085479
0.076095,0.067257,0.0088622
0.062622,-0.065055,0.0099787
-0.085809,0.06474,0.0056459
-0.099933,-0.067572,0.0067624
0.076234,0.066878,0.0073614
0.062375,-0.065413,0.0087662
-0.086055,0.065092,0.0035697
-0.10018,-0.067199,0.0049745
0.076316,0.066617,0.0055787
0.062192,-0.065671,0.0071291
-0.086308,0.065333,0.0016995
-0.10036,-0.066955,0.0032499
0.076316,0.06652,0.0035474
0.062101,-0.065782,0.0051003
-0.086574,0.065417,7.9347e-05
-0.10047,-0.066885,0.0016322
0.076227,0.066603,0.0013267
0.062107,-0.065727,0.0027652
-0.086852,0.065326,-0.0012967
-0.10048,-0.067004,0.00014167
0.076058,0.066848,-0.0010009
0.062202,-0.065523,0.00025092
-0.087133,0.065078,-0.0024757
-0.10041,-0.067292,-0.001224
0.075834,0.067206,-0.0033359
0.062357,-0.065212,-0.0022892
-0.087397,0.064718,-0.0035316
-0.10027,-0.0677,-0.0024849
0.07559,0.067609,-0.0055703
0.062533,-0.064859,-0.0046958
-0.087618,0.064313,-0.0045466
-0.10011,-0.068155,-0.0036721
0.075364,0.067977,-0.0075971
0.062686,-0.064537,-0.0068239
-0.087769,0.063937,-0.005592
-0.099962,-0.068577,-0.004819
0.075194,0.068237,-0.0093204
0.062776,-0.064314,-0.0085609
-0.087826,0.06366,-0.0067121
-0.099865,-0.068891,-0.0059526
0.075106,0.068336,-0.010666
0.062773,-0.064242,-0.0098389
-0.087773,0.063535,-0.0079123
-0.099846,-0.069042,-0.0070856
0.075114,0.068245,-0.011586
0.062663,-0.064344,-0.01064
-0.087613,0.063586,-0.0091556
-0.099919,-0.069004,-0.0082098
0.075214,0.067974,-0.012067
0.062451,-0.064615,-0.010995
-0.08736,0.063806,-0.010366
-0.10008,-0.068783,-0.0092935
0.075385,0.067561,-0.012129
0.062161,-0.065017,-0.010971
-0.087047,0.064157,-0.01144
-0.10032,-0.06842,-0.010282
0.075595,0.067072,-0.011822
0.061831,-0.065487,-0.010661
-0.086718,0.064576,-0.012262
-0.10059,-0.067983,-0.011101
0.075802,0.066591,-0.011219
0.061509,-0.065948,-0.010161
-0.086421,0.064986,-0.012723
-0.10087,-0.067552,-0.011666
0.075964,0.066199,-0.010408
0.061242,-0.066322,-0.0095597
-0.086206,0.065308,-0.012739
-0.1011,-0.067213,-0.011891
0.076044,0.065969,-0.009481
0.06107,-0.066542,-0.0089159
-0.086109,0.065475,-0.012265
-0.10125,-0.067036,-0.0117
0.07602,0.065948,-0.0085206
0.06102,-0.066563,-0.0082572
-0.086155,0.065445,-0.011305
-0.10131,-0.067066,-0.011041
0.075883,0.066153,-0.0075906
0.061099,-0.066372,-0.0075748
-0.086346,0.065208,-0.0099084
-0.10126,-0.067317,-0.0098925
0.075646,0.066561,-0.0067282
0.061295,-0.065991,-0.0068295
-0.086666,0.064787,-0.0081711
-0.10112,-0.067766,-0.0082723
0.075335,0.067122,-0.0059396
0.061576,-0.06547,-0.0059623
-0.087078,0.064237,-0.0062168
-0.1009,-0.068354,-0.0062395
0.074991,0.067756,-0.0052002
0.061896,-0.064882,-0.0049093
-0.087531,0.063638,-0.0041825
-0.10066,-0.069001,-0.0038915
0.074661,0.068373,-0.0044585
0.062201,-0.064315,-0.0036169
-0.087965,0.063078,-0.0021995
-0.10043,-0.069611,-0.0013579
0.074393,0.068884,-0.0036443
0.062435,-0.063853,-0.0020568
-0.088321,0.062646,-0.00037639
-0.10026,-0.070092,0.0012111
0.074224,0.069212,-0.0026788
0.062552,-0.063567,-0.000235
-0.088549,0.062415,0.0012141
-0.10019,-0.070365,0.0036579
0.074182,0.069306,-0.0014862
0.062519,-0.063504,0.0018035
-0.088612,0.062433,0.0025426
-0.10023,-0.070377,0.0058323
0.074277,0.069145,-4.2375e-06
0.06232,-0.06368,0.0039775
-0.088492,0.062716,0.0036236
-0.1004,-0.070109,0.0076052
0.074502,0.068742,0.0018065
0.06196,-0.064081,0.0061777
-0.088191,0.063248,0.004509
-0.10069,-0.069575,0.0088801
0.074837,0.068137,0.0039568
0.061459,-0.064666,0.0082808
-0.087729,0.063984,0.0052766
-0.10106,-0.06882,0.0096005
0.075249,0.067394,0.0064266
0.060854,-0.065373,0.010165
-0.087139,0.064858,0.0060153
-0.1015,-0.06791,0.0097538
0.075699,0.066587,0.0091667
0.060185,-0.06613,0.011726
-0.086465,0.065792,0.0068095
-0.10195,-0.066925,0.0093692
0.076149,0.065787,0.012103
0.059497,-0.066869,0.012891
-0.085752,0.066713,0.0077247
-0.10238,-0.065943,0.0085127
0.076565,0.065057,0.015146
0.058831,-0.06753,0.013626
-0.085044,0.067554,0.0087978
-0.10277,-0.065033,0.0072783
0.076923,0.064442,0.018195
0.058218,-0.068073,0.01394
-0.084376,0.068272,0.010032
-0.10308,-0.064243,0.0057774
0.07721,0.063964,0.02115
0.057682,-0.068478,0.013881
-0.083775,0.06884,0.011396
-0.1033,-0.063602,0.0041278
0.077423,0.063626,0.023919
0.057232,-0.068748,0.013528
-0.083257,0.069258,0.012834
-0.10345,-0.063116,0.0024435
