0.08396,0.0655,-0.021,
0.084,-0.0655,-0.0208,
-0.084,0.0655,-0.021,
-0.08404,-0.0655,-0.021,
0.08392,0.0655,-0.021,
0.084,-0.0655,-0.0206,
-0.084,0.0655,-0.021,
-0.08408,-0.0655,-0.021,
0.08388,0.0655,-0.021,
0.084,-0.0655,-0.0204,
-0.084,0.0655,-0.021,
-0.08412,-0.0655,-0.021,
0.08384,0.0655,-0.021,
0.084,-0.0655,-0.0202,
-0.084,0.0655,-0.021,
-0.08416,-0.0655,-0.021,
0.0838,0.0655,-0.021,
0.084,-0.0655,-0.02,
-0.084,0.0655,-0.021,
-0.0842,-0.0655,-0.021,
0.08376,0.0655,-0.021,
0.084,-0.0655,-0.0198,
-0.084,0.0655,-0.021,
-0.08424,-0.0655,-0.021,
0.08372,0.0655,-0.021,
0.084,-0.0655,-0.0196,
-0.084,0.0655,-0.021,
-0.08428,-0.0655,-0.021,
0.08368,0.0655,-0.021,
0.084,-0.0655,-0.0194,
-0.084,0.0655,-0.021,
-0.08432,-0.0655,-0.021,
0.08364,0.0655,-0.021,
0.084,-0.0655,-0.0192,
-0.084,0.0655,-0.021,
-0.08436,-0.0655,-0.021,
0.0836,0.0655,-0.021,
0.084,-0.0655,-0.019,
-0.084,0.0655,-0.021,
-0.0844,-0.0655,-0.021,
0.08356,0.0655,-0.021,
0.084,-0.0655,-0.0188,
-0.084,0.0655,-0.021,
-0.08444,-0.0655,-0.021,
0.08352,0.0655,-0.021,
0.084,-0.0655,-0.0186,
-0.084,0.0655,-0.021,
-0.08448,-0.0655,-0.021,
0.08348,0.0655,-0.021,
0.084,-0.0655,-0.0184,
-0.084,0.0655,-0.021,
-0.08452,-0.0655,-0.021,
0.08344,0.0655,-0.021,
0.084,-0.0655,-0.0182,
-0.084,0.0655,-0.021,
-0.08456,-0.0655,-0.021,
0.0834,0.0655,-0.021,
0.084,-0.0655,-0.018,
-0.08404,0.0655,-0.021,
-0.0846,-0.0655,-0.021,
0.08336,0.0655,-0.021,
0.084,-0.0655,-0.0178,
-0.08408,0.0655,-0.021,
-0.08464,-0.0655,-0.021,
0.08332,0.0655,-0.021,
0.084,-0.0655,-0.0176,
-0.08412,0.0655,-0.021,
-0.08468,-0.0655,-0.021,
0.08328,0.0655,-0.021,
0.084,-0.0655,-0.0174,
-0.08416,0.0655,-0.021,
-0.08472,-0.0655,-0.021,
0.08324,0.0655,-0.021,
0.084,-0.0655,-0.0172,
-0.0842,0.0655,-0.021,
-0.08476,-0.0655,-0.021,
0.0832,0.0655,-0.021,
0.084,-0.0655,-0.017,
-0.08424,0.0655,-0.021,
-0.0848,-0.0655,-0.021,
0.08316,0.0655,-0.021,
0.084,-0.0655,-0.0168,
-0.08428,0.0655,-0.021,
-0.08484,-0.0655,-0.021,
0.08312,0.0655,-0.021,
0.084,-0.0655,-0.0166,
-0.08432,0.0655,-0.021,
-0.08488,-0.0655,-0.021,
0.08308,0.0655,-0.021,
0.084,-0.0655,-0.0164,
-0.08436,0.0655,-0.021,
-0.08492,-0.0655,-0.021,
0.08304,0.0655,-0.021,
0.084,-0.0655,-0.0162,
-0.0844,0.0655,-0.021,
-0.08496,-0.0655,-0.021,
0.083,0.0655,-0.021,
0.084,-0.0655,-0.016,
-0.08444,0.0655,-0.021,
-0.085,-0.0655,-0.021,
0.08296,0.0655,-0.021,
0.084,-0.0655,-0.0158,
-0.08448,0.0655,-0.021,
-0.08504,-0.0655,-0.021,
0.08292,0.0655,-0.021,
0.084,-0.0655,-0.0156,
-0.08452,0.0655,-0.021,
-0.08508,-0.0655,-0.021,
0.08288,0.0655,-0.021,
0.084,-0.0655,-0.0154,
-0.08456,0.0655,-0.021,
-0.08512,-0.0655,-0.021,
0.08284,0.0655,-0.021,
0.084,-0.0655,-0.0152,
-0.0846,0.0655,-0.021,
-0.08516,-0.0655,-0.021,
0.0828,0.0655,-0.021,
0.084,-0.0655,-0.015,
-0.08464,0.0655,-0.021,
-0.0852,-0.0655,-0.021,
0.08276,0.0655,-0.021,
0.084,-0.0655,-0.0148,
-0.08468,0.0655,-0.021,
-0.08524,-0.0655,-0.021,
0.08272,0.0655,-0.021,
0.084,-0.0655,-0.0146,
-0.08472,0.0655,-0.021,
-0.08528,-0.0655,-0.021,
0.08268,0.0655,-0.021,
0.084,-0.0655,-0.0144,
-0.08476,0.0655,-0.021,
-0.08532,-0.0655,-0.021,
0.08264,0.0655,-0.021,
0.084,-0.0655,-0.0142,
-0.0848,0.0655,-0.021,
-0.08536,-0.0655,-0.021,
0.0826,0.0655,-0.021,
0.084,-0.0655,-0.014,
-0.08484,0.0655,-0.021,
-0.0854,-0.0655,-0.021,
0.08256,0.0655,-0.021,
0.084,-0.0655,-0.0138,
-0.08488,0.0655,-0.021,
-0.08544,-0.0655,-0.021,
0.08252,0.0655,-0.021,
0.084,-0.0655,-0.0136,
-0.08492,0.0655,-0.021,
-0.08548,-0.0655,-0.021,
0.08248,0.0655,-0.021,
0.084,-0.0655,-0.0134,
-0.08496,0.0655,-0.021,
-0.08552,-0.0655,-0.021,
0.08244,0.0655,-0.021,
0.084,-0.0655,-0.0132,
-0.085,0.0655,-0.021,
-0.08556,-0.0655,-0.021,
0.0824,0.0655,-0.021,
0.084,-0.0655,-0.013,
-0.08504,0.0655,-0.021,
-0.0856,-0.0655,-0.021,
0.08236,0.0655,-0.021,
0.084,-0.0655,-0.0128,
-0.08508,0.0655,-0.021,
-0.08564,-0.0655,-0.021,
0.08232,0.0655,-0.021,
0.084,-0.0655,-0.0126,
-0.08512,0.0655,-0.021,
-0.08568,-0.0655,-0.021,
0.08228,0.0655,-0.021,
0.084,-0.0655,-0.0124,
-0.08516,0.0655,-0.021,
-0.08572,-0.0655,-0.021,
0.08224,0.0655,-0.021,
0.084,-0.0655,-0.0122,
-0.0852,0.0655,-0.021,
-0.08576,-0.0655,-0.021,
0.0822,0.0655,-0.021,
0.084,-0.0655,-0.012,
-0.08524,0.0655,-0.021,
-0.0858,-0.0655,-0.021,
0.08216,0.0655,-0.021,
0.084,-0.0655,-0.0118,
-0.08528,0.0655,-0.021,
-0.08584,-0.0655,-0.021,
0.08212,0.0655,-0.021,
0.084,-0.0655,-0.0116,
-0.08532,0.0655,-0.021,
-0.08588,-0.0655,-0.021,
0.08208,0.0655,-0.021,
0.084,-0.0655,-0.0114,
-0.08536,0.0655,-0.021,
-0.08592,-0.0655,-0.021,
0.08204,0.0655,-0.021,
0.084,-0.0655,-0.0112,
-0.0854,0.0655,-0.021,
-0.08596,-0.0655,-0.021,
0.082,0.0655,-0.021,
0.084,-0.0655,-0.011,
-0.08544,0.0655,-0.021,
-0.086,-0.0655,-0.021,
0.08196,0.0655,-0.021,
0.084,-0.0655,-0.0108,
-0.08548,0.0655,-0.021,
-0.08604,-0.0655,-0.021,
0.08192,0.0655,-0.021,
0.084,-0.0655,-0.0106,
-0.08552,0.0655,-0.021,
-0.08608,-0.0655,-0.021,
0.08188,0.0655,-0.021,
0.084,-0.0655,-0.0104,
-0.08556,0.0655,-0.021,
-0.08612,-0.0655,-0.021,
0.08184,0.0655,-0.021,
0.084,-0.0655,-0.0102,
-0.0856,0.0655,-0.021,
-0.08616,-0.0655,-0.021,
0.0818,0.0655,-0.021,
0.084,-0.0655,-0.01,
-0.08564,0.0655,-0.021,
-0.0862,-0.0655,-0.021,
0.08176,0.0655,-0.021,
0.084,-0.0655,-0.00980002,
-0.08568,0.0655,-0.021,
-0.08624,-0.0655,-0.021,
0.08172,0.0655,-0.021,
0.084,-0.0655,-0.00960002,
-0.08572,0.0655,-0.021,
-0.08628,-0.0655,-0.021,
0.08168,0.0655,-0.021,
0.084,-0.0655,-0.00940002,
-0.08576,0.0655,-0.021,
-0.08632,-0.0655,-0.021,
0.08164,0.0655,-0.021,
0.084,-0.0655,-0.00920002,
-0.0858,0.0655,-0.021,
-0.08636,-0.0655,-0.021,
0.0816,0.0655,-0.021,
0.084,-0.0655,-0.00900002,
-0.08584,0.0655,-0.021,
-0.0864,-0.0655,-0.021,
0.08156,0.0655,-0.021,
0.084,-0.0655,-0.00880002,
-0.08588,0.0655,-0.021,
-0.08644,-0.0655,-0.021,
0.08152,0.0655,-0.021,
0.084,-0.0655,-0.00860002,
-0.08592,0.0655,-0.021,
-0.08648,-0.0655,-0.021,
0.08148,0.0655,-0.021,
0.084,-0.0655,-0.00840002,
-0.08596,0.0655,-0.021,
-0.08652,-0.0655,-0.021,
0.08144,0.0655,-0.021,
0.084,-0.0655,-0.00820002,
-0.086,0.0655,-0.021,
-0.08656,-0.0655,-0.021,
0.0814,0.0655,-0.021,
0.084,-0.0655,-0.00800002,
-0.08604,0.0655,-0.021,
-0.0866,-0.0655,-0.021,
0.08136,0.0655,-0.021,
0.084,-0.0655,-0.00780002,
-0.08608,0.0655,-0.021,
-0.08664,-0.0655,-0.021,
0.08132,0.0655,-0.021,
0.084,-0.0655,-0.00760002,
-0.08612,0.0655,-0.021,
-0.08668,-0.0655,-0.021,
0.08128,0.0655,-0.021,
0.084,-0.0655,-0.00740002,
-0.08616,0.0655,-0.021,
-0.08672,-0.0655,-0.021,
0.08124,0.0655,-0.021,
0.084,-0.0655,-0.00720002,
-0.0862,0.0655,-0.021,
-0.08676,-0.0655,-0.021,
0.0812,0.0655,-0.021,
0.084,-0.0655,-0.00700002,
-0.08624,0.0655,-0.021,
-0.0868,-0.0655,-0.021,
0.08116,0.0655,-0.021,
0.084,-0.0655,-0.00680002,
-0.08628,0.0655,-0.021,
-0.08684,-0.0655,-0.021,
0.08112,0.0655,-0.021,
0.084,-0.0655,-0.00660002,
-0.08632,0.0655,-0.021,
-0.08688,-0.0655,-0.021,
0.08108,0.0655,-0.021,
0.084,-0.0655,-0.00640002,
-0.08636,0.0655,-0.021,
-0.08692,-0.0655,-0.021,
0.08104,0.0655,-0.021,
0.084,-0.0655,-0.00620002,
-0.0864,0.0655,-0.021,
-0.08696,-0.0655,-0.021,
0.081,0.0655,-0.021,
0.084,-0.0655,-0.00600002,
-0.08644,0.0655,-0.021,
-0.087,-0.0655,-0.021,
0.08096,0.0655,-0.021,
0.084,-0.0655,-0.00580002,
-0.08648,0.0655,-0.021,
-0.08704,-0.0655,-0.021,
0.08092,0.0655,-0.021,
0.084,-0.0655,-0.00560002,
-0.08652,0.0655,-0.021,
-0.08708,-0.0655,-0.021,
0.08088,0.0655,-0.021,
0.084,-0.0655,-0.00540002,
-0.08656,0.0655,-0.021,
-0.08712,-0.0655,-0.021,
0.08084,0.0655,-0.021,
0.084,-0.0655,-0.00520002,
-0.0866,0.0655,-0.021,
-0.08716,-0.0655,-0.021,
0.0808,0.0655,-0.021,
0.084,-0.0655,-0.00500002,
-0.08664,0.0655,-0.021,
-0.0872,-0.0655,-0.021,
0.08076,0.0655,-0.021,
0.084,-0.0655,-0.00480002,
-0.08668,0.0655,-0.021,
-0.08724,-0.0655,-0.021,
0.08072,0.0655,-0.021,
0.084,-0.0655,-0.00460002,
-0.08672,0.0655,-0.021,
-0.08728,-0.0655,-0.021,
0.08068,0.0655,-0.021,
0.084,-0.0655,-0.00440002,
-0.08676,0.0655,-0.021,
-0.08732,-0.0655,-0.021,
0.08064,0.0655,-0.021,
0.084,-0.0655,-0.00420002,
-0.0868,0.0655,-0.021,
-0.08736,-0.0655,-0.021,
0.0806,0.0655,-0.021,
0.084,-0.0655,-0.00400002,
-0.08684,0.0655,-0.021,
-0.0874,-0.0655,-0.021,
0.08056,0.0655,-0.021,
0.084,-0.0655,-0.00380002,
-0.08688,0.0655,-0.021,
-0.08744,-0.0655,-0.021,
0.08052,0.0655,-0.021,
0.084,-0.0655,-0.00360002,
-0.08692,0.0655,-0.021,
-0.08748,-0.0655,-0.021,
0.08048,0.0655,-0.021,
0.084,-0.0655,-0.00340002,
-0.08696,0.0655,-0.021,
-0.08752,-0.0655,-0.021,
0.08044,0.0655,-0.021,
0.084,-0.0655,-0.00320002,
-0.087,0.0655,-0.021,
-0.08756,-0.0655,-0.021,
0.0804,0.0655,-0.021,
0.084,-0.0655,-0.00380002,
-0.08704,0.0655,-0.021,
-0.0876,-0.0655,-0.021,
0.08036,0.0655,-0.021,
0.084,-0.0655,-0.00440002,
-0.08708,0.0655,-0.021,
-0.08764,-0.0655,-0.021,
0.08032,0.0655,-0.021,
0.084,-0.0655,-0.00500002,
-0.08712,0.0655,-0.021,
-0.08768,-0.0655,-0.021,
0.08028,0.0655,-0.021,
0.084,-0.0655,-0.00560002,
-0.08716,0.0655,-0.021,
-0.08772,-0.0655,-0.021,
0.08024,0.0655,-0.021,
0.084,-0.0655,-0.00620002,
-0.0872,0.0655,-0.021,
-0.08776,-0.0655,-0.021,
0.0802,0.0655,-0.021,
0.084,-0.0655,-0.00680002,
-0.08724,0.0655,-0.021,
-0.0878,-0.0655,-0.021,
0.08016,0.0655,-0.021,
0.084,-0.0655,-0.00740002,
-0.08728,0.0655,-0.021,
-0.08784,-0.0655,-0.021,
0.08012,0.0655,-0.021,
0.084,-0.0655,-0.00800002,
-0.08732,0.0655,-0.021,
-0.08788,-0.0655,-0.021,
0.08008,0.0655,-0.021,
0.084,-0.0655,-0.00860002,
-0.08736,0.0655,-0.021,
-0.08792,-0.0655,-0.021,
0.08004,0.0655,-0.021,
0.084,-0.0655,-0.00920002,
-0.0874,0.0655,-0.021,
-0.08796,-0.0655,-0.021,
0.08,0.0655,-0.021,
0.084,-0.0655,-0.00980002,
-0.08744,0.0655,-0.021,
-0.088,-0.0655,-0.021,
0.07996,0.0655,-0.021,
0.084,-0.0655,-0.0104,
-0.08748,0.0655,-0.021,
-0.08804,-0.0655,-0.021,
0.07992,0.0655,-0.021,
0.084,-0.0655,-0.011,
-0.08752,0.0655,-0.021,
-0.08808,-0.0655,-0.021,
0.07988,0.0655,-0.021,
0.084,-0.0655,-0.0116,
-0.08756,0.0655,-0.021,
-0.08812,-0.0655,-0.021,
0.07984,0.0655,-0.021,
0.084,-0.0655,-0.0122,
-0.0876,0.0655,-0.021,
-0.08816,-0.0655,-0.021,
0.0798,0.0655,-0.021,
0.084,-0.0655,-0.0128,
-0.08764,0.0655,-0.021,
-0.0882,-0.0655,-0.021,
0.07976,0.0655,-0.021,
0.084,-0.0655,-0.0134,
-0.08768,0.0655,-0.021,
-0.08824,-0.0655,-0.021,
0.07972,0.0655,-0.021,
0.084,-0.0655,-0.014,
-0.08772,0.0655,-0.021,
-0.08828,-0.0655,-0.021,
0.07968,0.0655,-0.021,
0.084,-0.0655,-0.0146,
-0.08776,0.0655,-0.021,
-0.08832,-0.0655,-0.021,
0.07964,0.0655,-0.021,
0.084,-0.0655,-0.0152,
-0.0878,0.0655,-0.021,
-0.08836,-0.0655,-0.021,
0.0796,0.0655,-0.021,
0.084,-0.0655,-0.0158,
-0.08784,0.0655,-0.021,
-0.0884,-0.0655,-0.021,
0.07956,0.0655,-0.021,
0.084,-0.0655,-0.0164,
-0.08788,0.0655,-0.021,
-0.08844,-0.0655,-0.021,
0.07952,0.0655,-0.021,
0.084,-0.0655,-0.017,
-0.08792,0.0655,-0.021,
-0.08848,-0.0655,-0.021,
0.07948,0.0655,-0.021,
0.084,-0.0655,-0.0176,
-0.08796,0.0655,-0.021,
-0.08852,-0.0655,-0.021,
0.07944,0.0655,-0.021,
0.084,-0.0655,-0.0182,
-0.088,0.0655,-0.021,
-0.08856,-0.0655,-0.021,
0.0794,0.0655,-0.021,
0.084,-0.0655,-0.0188,
-0.08804,0.0655,-0.021,
-0.0886,-0.0655,-0.021,
0.07936,0.0655,-0.021,
0.084,-0.0655,-0.0194,
-0.08808,0.0655,-0.021,
-0.08864,-0.0655,-0.021,
0.07932,0.0655,-0.021,
0.084,-0.0655,-0.02,
-0.08812,0.0655,-0.021,
-0.08868,-0.0655,-0.021,
0.07928,0.0655,-0.021,
0.084,-0.0655,-0.0206,
-0.08816,0.0655,-0.021,
-0.08872,-0.0655,-0.021,
0.07924,0.0655,-0.021,
0.084,-0.0655,-0.0212,
-0.0882,0.0655,-0.021,
-0.08876,-0.0655,-0.021,
0.0792,0.0655,-0.021,
0.084,-0.0655,-0.0212,
-0.08824,0.0655,-0.021,
-0.0888,-0.0655,-0.021,
0.07916,0.0655,-0.021,
0.084,-0.0655,-0.0212,
-0.08828,0.0655,-0.021,
-0.08884,-0.0655,-0.021,
0.07912,0.0655,-0.021,
0.084,-0.0655,-0.0212,
-0.08832,0.0655,-0.021,
-0.08888,-0.0655,-0.021,
0.07908,0.0655,-0.021,
0.084,-0.0655,-0.0212,
-0.08836,0.0655,-0.021,
-0.08892,-0.0655,-0.021,
0.07904,0.0655,-0.021,
0.084,-0.0655,-0.0212,
-0.0884,0.0655,-0.021,
-0.08896,-0.0655,-0.021,
0.079,0.0655,-0.021,
0.084,-0.0655,-0.0212,
-0.08844,0.0655,-0.021,
-0.089,-0.0655,-0.021,
0.07896,0.0655,-0.021,
0.084,-0.0655,-0.0212,
-0.08848,0.0655,-0.021,
-0.08904,-0.0655,-0.021,
0.07892,0.0655,-0.021,
0.084,-0.0655,-0.0212,
-0.08852,0.0655,-0.021,
-0.08908,-0.0655,-0.021,
0.07888,0.0655,-0.021,
0.084,-0.0655,-0.0212,
-0.08856,0.0655,-0.021,
-0.08912,-0.0655,-0.021,
0.07884,0.0655,-0.021,
0.084,-0.0655,-0.0212,
-0.0886,0.0655,-0.021,
-0.08916,-0.0655,-0.021,
0.0788,0.0655,-0.021,
0.084,-0.0655,-0.0212,
-0.08864,0.0655,-0.021,
-0.0892,-0.0655,-0.021,
0.07876,0.0655,-0.021,
0.084,-0.0655,-0.0212,
-0.08868,0.0655,-0.021,
-0.08924,-0.0655,-0.021,
0.07872,0.0655,-0.021,
0.084,-0.0655,-0.0212,
-0.08872,0.0655,-0.021,
-0.08928,-0.0655,-0.021,
0.07868,0.0655,-0.021,
0.084,-0.0655,-0.0212,
-0.08876,0.0655,-0.021,
-0.08932,-0.0655,-0.021,
0.07864,0.0655,-0.021,
0.084,-0.0655,-0.0212,
-0.0888,0.0655,-0.021,
-0.08936,-0.0655,-0.021,
0.0786,0.0655,-0.021,
0.084,-0.0655,-0.0212,
-0.08884,0.0655,-0.021,
-0.0894,-0.0655,-0.021,
0.07856,0.0655,-0.021,
0.084,-0.0655,-0.0212,
-0.08888,0.0655,-0.021,
-0.08944,-0.0655,-0.021,
0.07852,0.0655,-0.021,
0.084,-0.0655,-0.0212,
-0.08892,0.0655,-0.021,
-0.08948,-0.0655,-0.021,
0.07848,0.0655,-0.021,
0.084,-0.0655,-0.0212,
-0.08896,0.0655,-0.021,
-0.08952,-0.0655,-0.021,
0.07844,0.0655,-0.021,
0.084,-0.0655,-0.0212,
-0.089,0.0655,-0.021,
-0.08956,-0.0655,-0.021,
0.0784,0.0655,-0.021,
0.084,-0.0655,-0.0212,
-0.08904,0.0655,-0.021,
-0.0896,-0.0655,-0.021,
0.07836,0.0655,-0.021,
0.084,-0.0655,-0.0212,
-0.08908,0.0655,-0.021,
-0.08964,-0.0655,-0.021,
0.07832,0.0655,-0.021,
0.084,-0.0655,-0.0212,
-0.08912,0.0655,-0.021,
-0.08968,-0.0655,-0.021,
0.07828,0.0655,-0.021,
0.084,-0.0655,-0.0212,
-0.08916,0.0655,-0.021,
-0.08972,-0.0655,-0.021,
0.07824,0.0655,-0.021,
0.084,-0.0655,-0.0212,
-0.0892,0.0655,-0.021,
-0.08976,-0.0655,-0.021,
0.0782,0.0655,-0.021,
0.084,-0.0655,-0.0212,
-0.08924,0.0655,-0.021,
-0.0898,-0.0655,-0.021,
0.07816,0.0655,-0.021,
0.084,-0.0655,-0.0212,
-0.08928,0.0655,-0.021,
-0.08984,-0.0655,-0.021,
0.07812,0.0655,-0.021,
0.084,-0.0655,-0.0212,
-0.08932,0.0655,-0.021,
-0.08988,-0.0655,-0.021,
0.07808,0.0655,-0.021,
0.084,-0.0655,-0.0212,
-0.08936,0.0655,-0.021,
-0.08992,-0.0655,-0.021,
0.07804,0.0655,-0.021,
0.084,-0.0655,-0.0212,
-0.0894,0.0655,-0.021,
-0.08996,-0.0655,-0.021,
0.078,0.0655,-0.021,
0.084,-0.0655,-0.0212,
-0.08944,0.0655,-0.021,
-0.09,-0.0655,-0.021,
0.07796,0.0655,-0.021,
0.084,-0.0655,-0.0212,
-0.08948,0.0655,-0.021,
-0.09004,-0.0655,-0.021,
0.07792,0.0655,-0.021,
0.084,-0.0655,-0.0212,
-0.08952,0.0655,-0.021,
-0.09008,-0.0655,-0.021,
0.07788,0.0655,-0.021,
0.084,-0.0655,-0.0212,
-0.08956,0.0655,-0.021,
-0.09012,-0.0655,-0.021,
0.07784,0.0655,-0.021,
0.084,-0.0655,-0.0212,
-0.0896,0.0655,-0.021,
-0.09016,-0.0655,-0.021,
0.0778,0.0655,-0.021,
0.084,-0.0655,-0.0212,
-0.08964,0.0655,-0.021,
-0.0902,-0.0655,-0.021,
0.07776,0.0655,-0.021,
0.084,-0.0655,-0.0212,
-0.08968,0.0655,-0.021,
-0.09024,-0.0655,-0.021,
0.07772,0.0655,-0.021,
0.084,-0.0655,-0.0212,
-0.08972,0.0655,-0.021,
-0.09028,-0.0655,-0.021,
0.07768,0.0655,-0.021,
0.084,-0.0655,-0.0212,
-0.08976,0.0655,-0.021,
-0.09032,-0.0655,-0.021,
0.07764,0.0655,-0.021,
0.084,-0.0655,-0.0212,
-0.0898,0.0655,-0.021,
-0.09036,-0.0655,-0.021,
0.0776,0.0655,-0.021,
0.084,-0.0655,-0.0212,
-0.08984,0.0655,-0.021,
-0.0904,-0.0655,-0.021,
0.07756,0.0655,-0.021,
0.084,-0.0655,-0.0212,
-0.08988,0.0655,-0.021,
-0.09044,-0.0655,-0.021,
0.07752,0.0655,-0.021,
0.084,-0.0655,-0.0212,
-0.08992,0.0655,-0.021,
-0.09048,-0.0655,-0.021,
0.07748,0.0655,-0.021,
0.084,-0.0655,-0.0212,
-0.08996,0.0655,-0.021,
-0.09052,-0.0655,-0.021,
0.07744,0.0655,-0.021,
0.084,-0.0655,-0.0212,
-0.09,0.0655,-0.021,
-0.09056,-0.0655,-0.021,
0.0774,0.0655,-0.021,
0.084,-0.0655,-0.0212,
-0.09004,0.0655,-0.021,
-0.0906,-0.0655,-0.021,
0.07736,0.0655,-0.021,
0.084,-0.0655,-0.0212,
-0.09008,0.0655,-0.021,
-0.09064,-0.0655,-0.021,
0.07732,0.0655,-0.021,
0.084,-0.0655,-0.0212,
-0.09012,0.0655,-0.021,
-0.09068,-0.0655,-0.021,
0.07728,0.0655,-0.021,
0.084,-0.0655,-0.0212,
-0.09016,0.0655,-0.021,
-0.09072,-0.0655,-0.021,
0.07724,0.0655,-0.021,
0.084,-0.0655,-0.0212,
-0.0902,0.0655,-0.021,
-0.09076,-0.0655,-0.021,
0.0772,0.0655,-0.021,
0.084,-0.0655,-0.0212,
-0.09024,0.0655,-0.021,
-0.0908,-0.0655,-0.021,
0.07716,0.0655,-0.021,
0.084,-0.0655,-0.0212,
-0.09028,0.0655,-0.021,
-0.09084,-0.0655,-0.021,
0.07712,0.0655,-0.021,
0.084,-0.0655,-0.0212,
-0.09032,0.0655,-0.021,
-0.09088,-0.0655,-0.021,
0.07708,0.0655,-0.021,
0.084,-0.0655,-0.0212,
-0.09036,0.0655,-0.021,
-0.09092,-0.0655,-0.021,
0.07704,0.0655,-0.021,
0.084,-0.0655,-0.0212,
-0.0904,0.0655,-0.021,
-0.09096,-0.0655,-0.021,
0.077,0.0655,-0.021,
0.084,-0.0655,-0.0212,
-0.09044,0.0655,-0.021,
-0.091,-0.0655,-0.021,
0.07696,0.0655,-0.021,
0.084,-0.0655,-0.0212,
-0.09048,0.0655,-0.021,
-0.09104,-0.0655,-0.021,
0.07692,0.0655,-0.021,
0.084,-0.0655,-0.0212,
-0.09052,0.0655,-0.021,
-0.09108,-0.0655,-0.021,
0.07688,0.0655,-0.021,
0.084,-0.0655,-0.0212,
-0.09056,0.0655,-0.021,
-0.09112,-0.0655,-0.021,
0.07684,0.0655,-0.021,
0.084,-0.0655,-0.0212,
-0.0906,0.0655,-0.021,
-0.09116,-0.0655,-0.021,
0.0768,0.0655,-0.021,
0.084,-0.0655,-0.0212,
-0.09064,0.0655,-0.021,
-0.0912,-0.0655,-0.021,
0.07676,0.0655,-0.021,
0.084,-0.0655,-0.0212,
-0.09068,0.0655,-0.021,
-0.09124,-0.0655,-0.021,
0.07672,0.0655,-0.021,
0.084,-0.0655,-0.0212,
-0.09072,0.0655,-0.021,
-0.09128,-0.0655,-0.021,
0.07668,0.0655,-0.021,
0.084,-0.0655,-0.0212,
-0.09076,0.0655,-0.021,
-0.09132,-0.0655,-0.021,
0.07664,0.0655,-0.021,
0.084,-0.0655,-0.0212,
-0.0908,0.0655,-0.021,
-0.09136,-0.0655,-0.021,
0.0766,0.0655,-0.021,
0.084,-0.0655,-0.0212,
-0.09084,0.0655,-0.021,
-0.0914,-0.0655,-0.021,
0.07656,0.0655,-0.021,
0.084,-0.0655,-0.0212,
-0.09088,0.0655,-0.021,
-0.09144,-0.0655,-0.021,
0.07652,0.0655,-0.021,
0.084,-0.0655,-0.0212,
-0.09092,0.0655,-0.021,
-0.09148,-0.0655,-0.021,
0.07648,0.0655,-0.021,
0.084,-0.0655,-0.0212,
-0.09096,0.0655,-0.021,
-0.09152,-0.0655,-0.021,
0.07644,0.0655,-0.021,
0.084,-0.0655,-0.0212,
-0.091,0.0655,-0.021,
-0.09156,-0.0655,-0.021,
0.0764,0.0655,-0.021,
0.084,-0.0655,-0.0212,
-0.09104,0.0655,-0.021,
-0.0916,-0.0655,-0.021,
0.07636,0.0655,-0.021,
0.084,-0.0655,-0.0212,
-0.09108,0.0655,-0.021,
-0.09164,-0.0655,-0.021,
0.07632,0.0655,-0.021,
0.084,-0.0655,-0.0212,
-0.09112,0.0655,-0.021,
-0.09168,-0.0655,-0.021,
0.07628,0.0655,-0.021,
0.084,-0.0655,-0.0212,
-0.09116,0.0655,-0.021,
-0.09172,-0.0655,-0.021,
0.07624,0.0655,-0.021,
0.084,-0.0655,-0.0212,
-0.0912,0.0655,-0.021,
-0.09176,-0.0655,-0.021,
0.0762,0.0655,-0.021,
0.084,-0.0655,-0.0212,
-0.09124,0.0655,-0.021,
-0.0918,-0.0655,-0.021,
0.07616,0.0655,-0.021,
0.084,-0.0655,-0.0212,
-0.09128,0.0655,-0.021,
-0.09184,-0.0655,-0.021,
0.07612,0.0655,-0.021,
0.084,-0.0655,-0.0212,
-0.09132,0.0655,-0.021,
-0.09188,-0.0655,-0.021,
0.07608,0.0655,-0.021,
0.084,-0.0655,-0.0212,
-0.09136,0.0655,-0.021,
-0.09192,-0.0655,-0.021,
0.07604,0.0655,-0.021,
0.084,-0.0655,-0.0212,
-0.0914,0.0655,-0.021,
-0.09196,-0.0655,-0.021,
0.076,0.0655,-0.021,
0.084,-0.0655,-0.0212,
-0.09144,0.0655,-0.021,
-0.0918937,-0.0655,-0.0206022,
0.07596,0.0655,-0.021,
0.084,-0.0655,-0.0212,
-0.09148,0.0655,-0.021,
-0.0918273,-0.0655,-0.0202089,
0.07592,0.0655,-0.021,
0.084,-0.0655,-0.0212,
-0.09152,0.0655,-0.021,
-0.091761,-0.0655,-0.01982,
0.07588,0.0655,-0.021,
0.084,-0.0655,-0.0212,
-0.09156,0.0655,-0.021,
-0.0916947,-0.0655,-0.0194356,
0.07584,0.0655,-0.021,
0.084,-0.0655,-0.0212,
-0.0916,0.0655,-0.021,
-0.0916283,-0.0655,-0.0190556,
0.0758,0.0655,-0.021,
0.084,-0.0655,-0.0212,
-0.09164,0.0655,-0.021,
-0.091562,-0.0655,-0.01868,
0.07576,0.0655,-0.021,
0.084,-0.0655,-0.0212,
-0.09168,0.0655,-0.021,
-0.0914957,-0.0655,-0.0183089,
0.07572,0.0655,-0.021,
0.084,-0.0655,-0.0212,
-0.09172,0.0655,-0.021,
-0.0914293,-0.0655,-0.0179423,
0.07568,0.0655,-0.021,
0.084,-0.0655,-0.0212,
-0.09176,0.0655,-0.021,
-0.091363,-0.0655,-0.01758,
0.07564,0.0655,-0.021,
0.084,-0.0655,-0.0212,
-0.0918,0.0655,-0.021,
-0.0912967,-0.0655,-0.0172223,
0.0756,0.0655,-0.021,
0.084,-0.0655,-0.0212,
-0.09184,0.0655,-0.021,
-0.0912303,-0.0655,-0.0168689,
0.07556,0.0655,-0.021,
0.084,-0.0655,-0.0212,
-0.09188,0.0655,-0.021,
-0.091164,-0.0655,-0.01652,
0.07552,0.0655,-0.021,
0.084,-0.0655,-0.0212,
-0.09192,0.0655,-0.021,
-0.0910977,-0.0655,-0.0161756,
0.07548,0.0655,-0.021,
0.084,-0.0655,-0.0212,
-0.09196,0.0655,-0.021,
-0.0910313,-0.0655,-0.0158356,
0.07544,0.0655,-0.021,
0.084,-0.0655,-0.0212,
-0.092,0.0655,-0.021,
-0.090965,-0.0655,-0.0155001,
0.0754,0.0655,-0.021,
0.084,-0.0655,-0.0212,
-0.09204,0.0655,-0.021,
-0.0908987,-0.0655,-0.0151689,
0.07536,0.0655,-0.021,
0.084,-0.0655,-0.0212,
-0.09208,0.0655,-0.021,
-0.0908323,-0.0655,-0.0148423,
0.07532,0.0655,-0.021,
0.084,-0.0655,-0.0212,
-0.09212,0.0655,-0.021,
-0.090766,-0.0655,-0.0145201,
0.07528,0.0655,-0.021,
0.084,-0.0655,-0.0212,
-0.09216,0.0655,-0.021,
-0.0906997,-0.0655,-0.0142023,
0.07524,0.0655,-0.021,
0.084,-0.0655,-0.0212,
-0.0922,0.0655,-0.021,
-0.0906333,-0.0655,-0.013889,
0.0752,0.0655,-0.021,
0.084,-0.0655,-0.0212,
-0.09224,0.0655,-0.021,
-0.090567,-0.0655,-0.0135801,
0.07516,0.0655,-0.021,
0.084,-0.0655,-0.0212,
-0.09228,0.0655,-0.021,
-0.0905007,-0.0655,-0.0132756,
0.07512,0.0655,-0.021,
0.084,-0.0655,-0.0212,
-0.09232,0.0655,-0.021,
-0.0904343,-0.0655,-0.0129756,
0.07508,0.0655,-0.021,
0.084,-0.0655,-0.0212,
-0.09236,0.0655,-0.021,
-0.090368,-0.0655,-0.0126801,
0.07504,0.0655,-0.021,
0.084,-0.0655,-0.0212,
-0.0924,0.0655,-0.021,
-0.0903017,-0.0655,-0.012389,
0.075,0.0655,-0.021,
0.084,-0.0655,-0.0212,
-0.09244,0.0655,-0.021,
-0.0902353,-0.0655,-0.0121023,
0.07496,0.0655,-0.021,
0.084,-0.0655,-0.0212,
-0.09248,0.0655,-0.021,
-0.090169,-0.0655,-0.0118201,
0.07492,0.0655,-0.021,
0.084,-0.0655,-0.0212,
-0.09252,0.0655,-0.021,
-0.0901027,-0.0655,-0.0115423,
0.07488,0.0655,-0.021,
0.084,-0.0655,-0.0212,
-0.09256,0.0655,-0.021,
-0.0900363,-0.0655,-0.011269,
0.07484,0.0655,-0.021,
0.084,-0.0655,-0.0212,
-0.0926,0.0655,-0.021,
-0.08997,-0.0655,-0.0110001,
0.0748,0.0655,-0.021,
0.08396,-0.0655,-0.021,
-0.09264,0.0655,-0.021,
-0.0899037,-0.0655,-0.0107356,
0.07476,0.0655,-0.021,
0.08392,-0.0655,-0.021,
-0.09268,0.0655,-0.021,
-0.0898373,-0.0655,-0.0104756,
0.07472,0.0655,-0.021,
0.08388,-0.0655,-0.021,
-0.09272,0.0655,-0.021,
-0.089771,-0.0655,-0.0102201,
0.07468,0.0655,-0.021,
0.08384,-0.0655,-0.021,
-0.09276,0.0655,-0.021,
-0.0897047,-0.0655,-0.00996898,
0.07464,0.0655,-0.021,
0.0838,-0.0655,-0.021,
-0.0928,0.0655,-0.021,
-0.0896383,-0.0655,-0.00972231,
0.0746,0.0655,-0.021,
0.08376,-0.0655,-0.021,
-0.09284,0.0655,-0.021,
-0.089572,-0.0655,-0.00948009,
0.07456,0.0655,-0.021,
0.08372,-0.0655,-0.021,
-0.09288,0.0655,-0.021,
-0.0895057,-0.0655,-0.00924231,
0.07452,0.0655,-0.021,
0.08368,-0.0655,-0.021,
-0.09292,0.0655,-0.021,
-0.0894393,-0.0655,-0.00900898,
0.07448,0.0655,-0.021,
0.08364,-0.0655,-0.021,
-0.09296,0.0655,-0.021,
-0.089373,-0.0655,-0.00878009,
0.07444,0.0655,-0.021,
0.0836,-0.0655,-0.021,
-0.093,0.0655,-0.021,
-0.0893067,-0.0655,-0.00855565,
0.0744,0.0655,-0.021,
0.08356,-0.0655,-0.021,
-0.09304,0.0655,-0.021,
-0.0892403,-0.0655,-0.00833565,
0.07436,0.0655,-0.021,
0.08352,-0.0655,-0.021,
-0.09308,0.0655,-0.021,
-0.089174,-0.0655,-0.00812009,
0.07432,0.0655,-0.021,
0.08348,-0.0655,-0.021,
-0.09312,0.0655,-0.021,
-0.0891077,-0.0655,-0.00790898,
0.07428,0.0655,-0.021,
0.08344,-0.0655,-0.021,
-0.09316,0.0655,-0.021,
-0.0890414,-0.0655,-0.00770232,
0.07424,0.0655,-0.021,
0.0834,-0.0655,-0.021,
-0.0932,0.0655,-0.021,
-0.088975,-0.0655,-0.00750009,
0.0742,0.0655,-0.021,
0.08336,-0.0655,-0.021,
-0.09324,0.0655,-0.021,
-0.0889087,-0.0655,-0.00730231,
0.07416,0.0655,-0.021,
0.08332,-0.0655,-0.021,
-0.09328,0.0655,-0.021,
-0.0888424,-0.0655,-0.00710898,
0.07412,0.0655,-0.021,
0.08328,-0.0655,-0.021,
-0.09332,0.0655,-0.021,
-0.088776,-0.0655,-0.00692009,
0.07408,0.0655,-0.021,
0.08324,-0.0655,-0.021,
-0.09336,0.0655,-0.021,
-0.0887097,-0.0655,-0.00673565,
0.07404,0.0655,-0.021,
0.0832,-0.0655,-0.021,
-0.0934,0.0655,-0.021,
-0.0886434,-0.0655,-0.00655565,
0.074,0.0655,-0.021,
0.08316,-0.0655,-0.021,
-0.09344,0.0655,-0.021,
-0.088577,-0.0655,-0.00638009,
0.07396,0.0655,-0.021,
0.08312,-0.0655,-0.021,
-0.09348,0.0655,-0.021,
-0.0885107,-0.0655,-0.00620898,
0.07392,0.0655,-0.021,
0.08308,-0.0655,-0.021,
-0.09352,0.0655,-0.021,
-0.0884444,-0.0655,-0.00604231,
0.07388,0.0655,-0.021,
0.08304,-0.0655,-0.021,
-0.09356,0.0655,-0.021,
-0.088378,-0.0655,-0.00588009,
0.07384,0.0655,-0.021,
0.083,-0.0655,-0.021,
-0.0936,0.0655,-0.021,
-0.0883117,-0.0655,-0.00572231,
0.0738,0.0655,-0.021,
0.08296,-0.0655,-0.021,
-0.09364,0.0655,-0.021,
-0.0882454,-0.0655,-0.00556898,
0.07376,0.0655,-0.021,
0.08292,-0.0655,-0.021,
-0.09368,0.0655,-0.021,
-0.088179,-0.0655,-0.00542009,
0.07372,0.0655,-0.021,
0.08288,-0.0655,-0.021,
-0.09372,0.0655,-0.021,
-0.0881127,-0.0655,-0.00527564,
0.07368,0.0655,-0.021,
0.08284,-0.0655,-0.021,
-0.09376,0.0655,-0.021,
-0.0880464,-0.0655,-0.00513564,
0.07364,0.0655,-0.021,
0.0828,-0.0655,-0.021,
-0.0938,0.0655,-0.021,
-0.08798,-0.0655,-0.00500008,
0.0736,0.0655,-0.021,
0.08276,-0.0655,-0.021,
-0.09384,0.0655,-0.021,
-0.0879137,-0.0655,-0.00486897,
0.07356,0.0655,-0.021,
0.08272,-0.0655,-0.021,
-0.09388,0.0655,-0.021,
-0.0878474,-0.0655,-0.0047423,
0.07352,0.0655,-0.021,
0.08268,-0.0655,-0.021,
-0.09392,0.0655,-0.021,
-0.087781,-0.0655,-0.00462008,
0.07348,0.0655,-0.021,
0.08264,-0.0655,-0.021,
-0.09396,0.0655,-0.021,
-0.0877147,-0.0655,-0.0045023,
0.07344,0.0655,-0.021,
0.0826,-0.0655,-0.021,
-0.094,0.0655,-0.021,
-0.0876484,-0.0655,-0.00438896,
0.0734,0.0655,-0.021,
0.08256,-0.0655,-0.021,
-0.09404,0.0655,-0.021,
-0.087582,-0.0655,-0.00428007,
0.07336,0.0655,-0.021,
0.08252,-0.0655,-0.021,
-0.09408,0.0655,-0.021,
-0.0875157,-0.0655,-0.00417563,
0.07332,0.0655,-0.021,
0.08248,-0.0655,-0.021,
-0.09412,0.0655,-0.021,
-0.0874494,-0.0655,-0.00407562,
0.07328,0.0655,-0.021,
0.08244,-0.0655,-0.021,
-0.09416,0.0655,-0.021,
-0.087383,-0.0655,-0.00398007,
0.07324,0.0655,-0.021,
0.0824,-0.0655,-0.021,
-0.0942,0.0655,-0.021,
-0.0873167,-0.0655,-0.00388895,
0.0732,0.0655,-0.021,
0.08236,-0.0655,-0.021,
-0.09424,0.0655,-0.021,
-0.0872504,-0.0655,-0.00380228,
0.07316,0.0655,-0.021,
0.08232,-0.0655,-0.021,
-0.09428,0.0655,-0.021,
-0.087184,-0.0655,-0.00372006,
0.07312,0.0655,-0.021,
0.08228,-0.0655,-0.021,
-0.09432,0.0655,-0.021,
-0.0871177,-0.0655,-0.00364228,
0.07308,0.0655,-0.021,
0.08224,-0.0655,-0.021,
-0.09436,0.0655,-0.021,
-0.0870514,-0.0655,-0.00356894,
0.07304,0.0655,-0.021,
0.0822,-0.0655,-0.021,
-0.0944,0.0655,-0.021,
-0.086985,-0.0655,-0.00350005,
0.073,0.0655,-0.021,
0.08216,-0.0655,-0.021,
-0.09444,0.0655,-0.021,
-0.0869187,-0.0655,-0.0034356,
0.07296,0.0655,-0.021,
0.08212,-0.0655,-0.021,
-0.09448,0.0655,-0.021,
-0.0868524,-0.0655,-0.0033756,
0.07292,0.0655,-0.021,
0.08208,-0.0655,-0.021,
-0.09452,0.0655,-0.021,
-0.086786,-0.0655,-0.00332004,
0.07288,0.0655,-0.021,
0.08204,-0.0655,-0.021,
-0.09456,0.0655,-0.021,
-0.0867197,-0.0655,-0.00326893,
0.07284,0.0655,-0.021,
0.082,-0.0655,-0.021,
-0.0946,0.0655,-0.021,
-0.0866534,-0.0655,-0.00322226,
0.0728,0.0655,-0.021,
0.08196,-0.0655,-0.021,
-0.09464,0.0655,-0.021,
-0.086587,-0.0655,-0.00318003,
0.07276,0.0655,-0.021,
0.08192,-0.0655,-0.021,
-0.09468,0.0655,-0.021,
-0.0865207,-0.0655,-0.00314225,
0.07272,0.0655,-0.021,
0.08188,-0.0655,-0.021,
-0.09472,0.0655,-0.021,
-0.0864544,-0.0655,-0.00310892,
0.07268,0.0655,-0.021,
0.08184,-0.0655,-0.021,
-0.09476,0.0655,-0.021,
-0.0863881,-0.0655,-0.00308002,
0.07264,0.0655,-0.021,
0.0818,-0.0655,-0.021,
-0.0948,0.0655,-0.021,
-0.0863217,-0.0655,-0.00305558,
0.0726,0.0655,-0.021,
0.08176,-0.0655,-0.021,
-0.09484,0.0655,-0.021,
-0.0862554,-0.0655,-0.00303557,
0.07256,0.0655,-0.021,
0.08172,-0.0655,-0.021,
-0.09488,0.0655,-0.021,
-0.0861891,-0.0655,-0.00302001,
0.07252,0.0655,-0.021,
0.08168,-0.0655,-0.021,
-0.09492,0.0655,-0.021,
-0.0861227,-0.0655,-0.0030089,
0.07248,0.0655,-0.021,
0.08164,-0.0655,-0.021,
-0.09496,0.0655,-0.021,
-0.0860564,-0.0655,-0.00300223,
0.07244,0.0655,-0.021,
0.0816,-0.0655,-0.021,
-0.095,0.0655,-0.021,
-0.0859901,-0.0655,-0.003,
0.0724,0.0655,-0.021,
0.08156,-0.0655,-0.021,
-0.09504,0.0655,-0.021,
-0.0859237,-0.0655,-0.0036,
0.07236,0.0655,-0.021,
0.08152,-0.0655,-0.021,
-0.09508,0.0655,-0.021,
-0.0858574,-0.0655,-0.0042,
0.07232,0.0655,-0.021,
0.08148,-0.0655,-0.021,
-0.09512,0.0655,-0.021,
-0.0857911,-0.0655,-0.0048,
0.07228,0.0655,-0.021,
0.08144,-0.0655,-0.021,
-0.09516,0.0655,-0.021,
-0.0857247,-0.0655,-0.0054,
0.07224,0.0655,-0.021,
0.0814,-0.0655,-0.021,
-0.0952,0.0655,-0.021,
-0.0856584,-0.0655,-0.006,
0.0722,0.0655,-0.021,
0.08136,-0.0655,-0.021,
-0.09524,0.0655,-0.021,
-0.0855921,-0.0655,-0.0066,
0.07216,0.0655,-0.021,
0.08132,-0.0655,-0.021,
-0.09528,0.0655,-0.021,
-0.0855257,-0.0655,-0.0072,
0.07212,0.0655,-0.021,
0.08128,-0.0655,-0.021,
-0.09532,0.0655,-0.021,
-0.0854594,-0.0655,-0.0078,
0.07208,0.0655,-0.021,
0.08124,-0.0655,-0.021,
-0.09536,0.0655,-0.021,
-0.0853931,-0.0655,-0.0084,
0.07204,0.0655,-0.021,
0.0812,-0.0655,-0.021,
-0.0954,0.0655,-0.021,
-0.0853267,-0.0655,-0.009,
0.072,0.0655,-0.021,
0.08116,-0.0655,-0.021,
-0.09544,0.0655,-0.021,
-0.0852604,-0.0655,-0.0096,
0.07196,0.0655,-0.021,
0.08112,-0.0655,-0.021,
-0.09548,0.0655,-0.021,
-0.0851941,-0.0655,-0.0102,
0.07192,0.0655,-0.021,
0.08108,-0.0655,-0.021,
-0.09552,0.0655,-0.021,
-0.0851277,-0.0655,-0.0108,
0.07188,0.0655,-0.021,
0.08104,-0.0655,-0.021,
-0.09556,0.0655,-0.021,
-0.0850614,-0.0655,-0.0114,
0.07184,0.0655,-0.021,
0.081,-0.0655,-0.021,
-0.0956,0.0655,-0.021,
-0.0849951,-0.0655,-0.012,
0.0718,0.0655,-0.021,
0.08096,-0.0655,-0.021,
-0.09564,0.0655,-0.021,
-0.0849287,-0.0655,-0.0126,
0.07176,0.0655,-0.021,
0.08092,-0.0655,-0.021,
-0.09568,0.0655,-0.021,
-0.0848624,-0.0655,-0.0132,
0.07172,0.0655,-0.021,
0.08088,-0.0655,-0.021,
-0.09572,0.0655,-0.021,
-0.0847961,-0.0655,-0.0138,
0.07168,0.0655,-0.021,
0.08084,-0.0655,-0.021,
-0.09576,0.0655,-0.021,
-0.0847297,-0.0655,-0.0144,
0.07164,0.0655,-0.021,
0.0808,-0.0655,-0.021,
-0.0958,0.0655,-0.021,
-0.0846634,-0.0655,-0.015,
0.0716,0.0655,-0.021,
0.08076,-0.0655,-0.021,
-0.09584,0.0655,-0.021,
-0.0845971,-0.0655,-0.0156,
0.07156,0.0655,-0.021,
0.08072,-0.0655,-0.021,
-0.09588,0.0655,-0.021,
-0.0845307,-0.0655,-0.0162,
0.07152,0.0655,-0.021,
0.08068,-0.0655,-0.021,
-0.09592,0.0655,-0.021,
-0.0844644,-0.0655,-0.0168,
0.07148,0.0655,-0.021,
0.08064,-0.0655,-0.021,
-0.09596,0.0655,-0.021,
-0.0843981,-0.0655,-0.0174,
0.07144,0.0655,-0.021,
0.0806,-0.0655,-0.021,
-0.096,0.0655,-0.021,
-0.0843317,-0.0655,-0.018,
0.0714,0.0655,-0.021,
0.08056,-0.0655,-0.021,
-0.09604,0.0655,-0.021,
-0.0842654,-0.0655,-0.0186,
0.07136,0.0655,-0.021,
0.08052,-0.0655,-0.021,
-0.09608,0.0655,-0.021,
-0.0841991,-0.0655,-0.0192,
0.07132,0.0655,-0.021,
0.08048,-0.0655,-0.021,
-0.09612,0.0655,-0.021,
-0.0841327,-0.0655,-0.0198,
0.07128,0.0655,-0.021,
0.08044,-0.0655,-0.021,
-0.09616,0.0655,-0.021,
-0.0840664,-0.0655,-0.0204,
0.07124,0.0655,-0.021,
0.0804,-0.0655,-0.021,
-0.0962,0.0655,-0.021,
-0.0840001,-0.0655,-0.021,
0.0712,0.0655,-0.021,
0.08036,-0.0655,-0.021,
-0.09624,0.0655,-0.021,
-0.0840001,-0.0655,-0.021,
0.07116,0.0655,-0.021,
0.08032,-0.0655,-0.021,
-0.09628,0.0655,-0.021,
-0.0840001,-0.0655,-0.021,
0.07112,0.0655,-0.021,
0.08028,-0.0655,-0.021,
-0.09632,0.0655,-0.021,
-0.0840001,-0.0655,-0.021,
0.07108,0.0655,-0.021,
0.08024,-0.0655,-0.021,
-0.09636,0.0655,-0.021,
-0.0840001,-0.0655,-0.021,
0.07104,0.0655,-0.021,
0.0802,-0.0655,-0.021,
-0.0964,0.0655,-0.021,
-0.0840001,-0.0655,-0.021,
0.071,0.0655,-0.021,
0.08016,-0.0655,-0.021,
-0.09644,0.0655,-0.021,
-0.0840001,-0.0655,-0.021,
0.07096,0.0655,-0.021,
0.08012,-0.0655,-0.021,
-0.09648,0.0655,-0.021,
-0.0840001,-0.0655,-0.021,
0.07092,0.0655,-0.021,
0.08008,-0.0655,-0.021,
-0.09652,0.0655,-0.021,
-0.0840001,-0.0655,-0.021,
0.07088,0.0655,-0.021,
0.08004,-0.0655,-0.021,
-0.09656,0.0655,-0.021,
-0.0840001,-0.0655,-0.021,
0.07084,0.0655,-0.021,
0.08,-0.0655,-0.021,
-0.0966,0.0655,-0.021,
-0.0840001,-0.0655,-0.021,
0.0708,0.0655,-0.021,
0.07996,-0.0655,-0.021,
-0.09664,0.0655,-0.021,
-0.0840001,-0.0655,-0.021,
0.07076,0.0655,-0.021,
0.07992,-0.0655,-0.021,
-0.09668,0.0655,-0.021,
-0.0840001,-0.0655,-0.021,
0.07072,0.0655,-0.021,
0.07988,-0.0655,-0.021,
-0.09672,0.0655,-0.021,
-0.0840001,-0.0655,-0.021,
0.07068,0.0655,-0.021,
0.07984,-0.0655,-0.021,
-0.09676,0.0655,-0.021,
-0.0840001,-0.0655,-0.021,
0.07064,0.0655,-0.021,
0.0798,-0.0655,-0.021,
-0.0968,0.0655,-0.021,
-0.0840001,-0.0655,-0.021,
0.0706,0.0655,-0.021,
0.07976,-0.0655,-0.021,
-0.09684,0.0655,-0.021,
-0.0840001,-0.0655,-0.021,
0.07056,0.0655,-0.021,
0.07972,-0.0655,-0.021,
-0.09688,0.0655,-0.021,
-0.0840001,-0.0655,-0.021,
0.07052,0.0655,-0.021,
0.07968,-0.0655,-0.021,
-0.09692,0.0655,-0.021,
-0.0840001,-0.0655,-0.021,
0.07048,0.0655,-0.021,
0.07964,-0.0655,-0.021,
-0.09696,0.0655,-0.021,
-0.0840001,-0.0655,-0.021,
0.07044,0.0655,-0.021,
0.0796,-0.0655,-0.021,
-0.097,0.0655,-0.021,
-0.0840001,-0.0655,-0.021,
0.0704,0.0655,-0.021,
0.07956,-0.0655,-0.021,
-0.09704,0.0655,-0.021,
-0.0840001,-0.0655,-0.021,
0.07036,0.0655,-0.021,
0.07952,-0.0655,-0.021,
-0.09708,0.0655,-0.021,
-0.0840001,-0.0655,-0.021,
0.07032,0.0655,-0.021,
0.07948,-0.0655,-0.021,
-0.09712,0.0655,-0.021,
-0.0840001,-0.0655,-0.021,
0.07028,0.0655,-0.021,
0.07944,-0.0655,-0.021,
-0.09716,0.0655,-0.021,
-0.0840001,-0.0655,-0.021,
0.07024,0.0655,-0.021,
0.0794,-0.0655,-0.021,
-0.0972,0.0655,-0.021,
-0.0840001,-0.0655,-0.021,
0.0702,0.0655,-0.021,
0.07936,-0.0655,-0.021,
-0.09724,0.0655,-0.021,
-0.0840001,-0.0655,-0.021,
0.07016,0.0655,-0.021,
0.07932,-0.0655,-0.021,
-0.09728,0.0655,-0.021,
-0.0840001,-0.0655,-0.021,
0.07012,0.0655,-0.021,
0.07928,-0.0655,-0.021,
-0.09732,0.0655,-0.021,
-0.0840001,-0.0655,-0.021,
0.07008,0.0655,-0.021,
0.07924,-0.0655,-0.021,
-0.09736,0.0655,-0.021,
-0.0840001,-0.0655,-0.021,
0.07004,0.0655,-0.021,
0.0792,-0.0655,-0.021,
-0.0974,0.0655,-0.021,
-0.0840001,-0.0655,-0.021,
0.07,0.0655,-0.021,
0.07916,-0.0655,-0.021,
-0.09744,0.0655,-0.021,
-0.0840001,-0.0655,-0.021,
0.06996,0.0655,-0.021,
0.07912,-0.0655,-0.021,
-0.09748,0.0655,-0.021,
-0.0840001,-0.0655,-0.021,
0.06992,0.0655,-0.021,
0.07908,-0.0655,-0.021,
-0.09752,0.0655,-0.021,
-0.0840001,-0.0655,-0.021,
0.06988,0.0655,-0.021,
0.07904,-0.0655,-0.021,
-0.09756,0.0655,-0.021,
-0.0840001,-0.0655,-0.021,
0.06984,0.0655,-0.021,
0.079,-0.0655,-0.021,
-0.0976,0.0655,-0.021,
-0.0840001,-0.0655,-0.021,
0.0698,0.0655,-0.021,
0.07896,-0.0655,-0.021,
-0.09764,0.0655,-0.021,
-0.0840001,-0.0655,-0.021,
0.06976,0.0655,-0.021,
0.07892,-0.0655,-0.021,
-0.09768,0.0655,-0.021,
-0.0840001,-0.0655,-0.021,
0.06972,0.0655,-0.021,
0.07888,-0.0655,-0.021,
-0.09772,0.0655,-0.021,
-0.0840001,-0.0655,-0.021,
0.06968,0.0655,-0.021,
0.07884,-0.0655,-0.021,
-0.09776,0.0655,-0.021,
-0.0840001,-0.0655,-0.021,
0.06964,0.0655,-0.021,
0.0788,-0.0655,-0.021,
-0.0978,0.0655,-0.021,
-0.0840001,-0.0655,-0.021,
0.0696,0.0655,-0.021,
0.07876,-0.0655,-0.021,
-0.09784,0.0655,-0.021,
-0.0840001,-0.0655,-0.021,
0.06956,0.0655,-0.021,
0.07872,-0.0655,-0.021,
-0.09788,0.0655,-0.021,
-0.0840001,-0.0655,-0.021,
0.06952,0.0655,-0.021,
0.07868,-0.0655,-0.021,
-0.09792,0.0655,-0.021,
-0.0840001,-0.0655,-0.021,
0.06948,0.0655,-0.021,
0.07864,-0.0655,-0.021,
-0.09796,0.0655,-0.021,
-0.0840001,-0.0655,-0.021,
0.06944,0.0655,-0.021,
0.0786,-0.0655,-0.021,
-0.098,0.0655,-0.021,
-0.0840001,-0.0655,-0.021,
0.0694,0.0655,-0.021,
0.07856,-0.0655,-0.021,
-0.09804,0.0655,-0.021,
-0.0840001,-0.0655,-0.021,
0.06936,0.0655,-0.021,
0.07852,-0.0655,-0.021,
-0.09808,0.0655,-0.021,
-0.0840001,-0.0655,-0.021,
0.06932,0.0655,-0.021,
0.07848,-0.0655,-0.021,
-0.09812,0.0655,-0.021,
-0.0840001,-0.0655,-0.021,
0.06928,0.0655,-0.021,
0.07844,-0.0655,-0.021,
-0.09816,0.0655,-0.021,
-0.0840001,-0.0655,-0.021,
0.06924,0.0655,-0.021,
0.0784,-0.0655,-0.021,
-0.0982,0.0655,-0.021,
-0.0840001,-0.0655,-0.021,
0.0692,0.0655,-0.021,
0.07836,-0.0655,-0.021,
-0.09824,0.0655,-0.021,
-0.0840001,-0.0655,-0.021,
0.06916,0.0655,-0.021,
0.07832,-0.0655,-0.021,
-0.09828,0.0655,-0.021,
-0.0840001,-0.0655,-0.021,
0.06912,0.0655,-0.021,
0.07828,-0.0655,-0.021,
-0.09832,0.0655,-0.021,
-0.0840001,-0.0655,-0.021,
0.06908,0.0655,-0.021,
0.07824,-0.0655,-0.021,
-0.09836,0.0655,-0.021,
-0.0840001,-0.0655,-0.021,
0.06904,0.0655,-0.021,
0.0782,-0.0655,-0.021,
-0.0984,0.0655,-0.021,
-0.0840001,-0.0655,-0.021,
0.069,0.0655,-0.021,
0.07816,-0.0655,-0.021,
-0.09844,0.0655,-0.021,
-0.0840001,-0.0655,-0.021,
0.06896,0.0655,-0.021,
0.07812,-0.0655,-0.021,
-0.09848,0.0655,-0.021,
-0.0840001,-0.0655,-0.021,
0.06892,0.0655,-0.021,
0.07808,-0.0655,-0.021,
-0.09852,0.0655,-0.021,
-0.0840001,-0.0655,-0.021,
0.06888,0.0655,-0.021,
0.07804,-0.0655,-0.021,
-0.09856,0.0655,-0.021,
-0.0840001,-0.0655,-0.021,
0.06884,0.0655,-0.021,
0.078,-0.0655,-0.021,
-0.0986,0.0655,-0.021,
-0.0840001,-0.0655,-0.021,
0.0688,0.0655,-0.021,
0.07796,-0.0655,-0.021,
-0.09864,0.0655,-0.021,
-0.0840001,-0.0655,-0.021,
0.06876,0.0655,-0.021,
0.07792,-0.0655,-0.021,
-0.09868,0.0655,-0.021,
-0.0840001,-0.0655,-0.021,
0.06872,0.0655,-0.021,
0.07788,-0.0655,-0.021,
-0.09872,0.0655,-0.021,
-0.0840001,-0.0655,-0.021,
0.06868,0.0655,-0.021,
0.07784,-0.0655,-0.021,
-0.09876,0.0655,-0.021,
-0.0840001,-0.0655,-0.021,
0.06864,0.0655,-0.021,
0.0778,-0.0655,-0.021,
-0.0988,0.0655,-0.021,
-0.0840001,-0.0655,-0.021,
0.0686,0.0655,-0.021,
0.07776,-0.0655,-0.021,
-0.09884,0.0655,-0.021,
-0.0840001,-0.0655,-0.021,
0.06856,0.0655,-0.021,
0.07772,-0.0655,-0.021,
-0.09888,0.0655,-0.021,
-0.0840001,-0.0655,-0.021,
0.06852,0.0655,-0.021,
0.07768,-0.0655,-0.021,
-0.09892,0.0655,-0.021,
-0.0840001,-0.0655,-0.021,
0.06848,0.0655,-0.021,
0.07764,-0.0655,-0.021,
-0.09896,0.0655,-0.021,
-0.0840001,-0.0655,-0.021,
0.06844,0.0655,-0.021,
0.0776,-0.0655,-0.021,
-0.099,0.0655,-0.021,
-0.0840001,-0.0655,-0.021,
0.0684,0.0655,-0.021,
0.07756,-0.0655,-0.021,
-0.09904,0.0655,-0.021,
-0.0840001,-0.0655,-0.021,
0.06836,0.0655,-0.021,
0.07752,-0.0655,-0.021,
-0.09908,0.0655,-0.021,
-0.0840001,-0.0655,-0.021,
0.06832,0.0655,-0.021,
0.07748,-0.0655,-0.021,
-0.09912,0.0655,-0.021,
-0.0840001,-0.0655,-0.021,
0.06828,0.0655,-0.021,
0.07744,-0.0655,-0.021,
-0.09916,0.0655,-0.021,
-0.0840001,-0.0655,-0.021,
0.0682399,0.0655,-0.021,
0.0774,-0.0655,-0.021,
-0.0992,0.0655,-0.021,
-0.0840001,-0.0655,-0.021,
0.0682,0.0655,-0.021,
0.07736,-0.0655,-0.021,
-0.09924,0.0655,-0.021,
-0.0840001,-0.0655,-0.021,
0.06816,0.0655,-0.021,
0.07732,-0.0655,-0.021,
-0.09928,0.0655,-0.021,
-0.0840001,-0.0655,-0.021,
0.06812,0.0655,-0.021,
0.07728,-0.0655,-0.021,
-0.09932,0.0655,-0.021,
-0.0840001,-0.0655,-0.021,
0.0680799,0.0655,-0.021,
0.07724,-0.0655,-0.021,
-0.09936,0.0655,-0.021,
-0.0840001,-0.0655,-0.021,
0.06804,0.0655,-0.021,
0.0772,-0.0655,-0.021,
-0.0994,0.0655,-0.021,
-0.0840001,-0.0655,-0.021,
0.068173,0.0655,-0.0206022,
0.07716,-0.0655,-0.021,
-0.09944,0.0655,-0.021,
-0.0840001,-0.0655,-0.021,
0.068306,0.0655,-0.0202089,
0.07712,-0.0655,-0.021,
-0.09948,0.0655,-0.021,
-0.0840001,-0.0655,-0.021,
0.068439,0.0655,-0.01982,
0.07708,-0.0655,-0.021,
-0.09952,0.0655,-0.021,
-0.0840001,-0.0655,-0.021,
0.068572,0.0655,-0.0194356,
0.07704,-0.0655,-0.021,
-0.09956,0.0655,-0.021,
-0.0840001,-0.0655,-0.021,
0.068705,0.0655,-0.0190556,
0.077,-0.0655,-0.021,
-0.0996,0.0655,-0.021,
-0.0840001,-0.0655,-0.021,
0.068838,0.0655,-0.01868,
0.07696,-0.0655,-0.021,
-0.09964,0.0655,-0.021,
-0.0840001,-0.0655,-0.021,
0.068971,0.0655,-0.0183089,
0.07692,-0.0655,-0.021,
-0.09968,0.0655,-0.021,
-0.0840001,-0.0655,-0.021,
0.069104,0.0655,-0.0179422,
0.07688,-0.0655,-0.021,
-0.09972,0.0655,-0.021,
-0.0840001,-0.0655,-0.021,
0.069237,0.0655,-0.01758,
0.07684,-0.0655,-0.021,
-0.09976,0.0655,-0.021,
-0.0840001,-0.0655,-0.021,
0.06937,0.0655,-0.0172222,
0.0768,-0.0655,-0.021,
-0.0998001,0.0655,-0.021,
-0.0840001,-0.0655,-0.021,
0.069503,0.0655,-0.0168689,
0.07676,-0.0655,-0.021,
-0.09984,0.0655,-0.021,
-0.0840001,-0.0655,-0.021,
0.069636,0.0655,-0.01652,
0.07672,-0.0655,-0.021,
-0.09988,0.0655,-0.021,
-0.0840001,-0.0655,-0.021,
0.069769,0.0655,-0.0161756,
0.07668,-0.0655,-0.021,
-0.09992,0.0655,-0.021,
-0.0840001,-0.0655,-0.021,
0.069902,0.0655,-0.0158356,
0.07664,-0.0655,-0.021,
-0.09996,0.0655,-0.021,
-0.0840001,-0.0655,-0.021,
0.070035,0.0655,-0.0155,
0.0766,-0.0655,-0.021,
-0.1,0.0655,-0.021,
-0.0840001,-0.0655,-0.021,
0.070168,0.0655,-0.0151689,
0.07656,-0.0655,-0.021,
-0.10004,0.0655,-0.021,
-0.0840001,-0.0655,-0.021,
0.070301,0.0655,-0.0148422,
0.07652,-0.0655,-0.021,
-0.10008,0.0655,-0.021,
-0.0840001,-0.0655,-0.021,
0.070434,0.0655,-0.01452,
0.07648,-0.0655,-0.021,
-0.10012,0.0655,-0.021,
-0.0840001,-0.0655,-0.021,
0.070567,0.0655,-0.0142022,
0.07644,-0.0655,-0.021,
-0.10016,0.0655,-0.021,
-0.0840001,-0.0655,-0.021,
0.0707,0.0655,-0.0138889,
0.0764,-0.0655,-0.021,
-0.1002,0.0655,-0.021,
-0.0840001,-0.0655,-0.021,
0.070833,0.0655,-0.01358,
0.07636,-0.0655,-0.021,
-0.10024,0.0655,-0.021,
-0.0840001,-0.0655,-0.021,
0.070966,0.0655,-0.0132756,
0.07632,-0.0655,-0.021,
-0.10028,0.0655,-0.021,
-0.0840001,-0.0655,-0.021,
0.071099,0.0655,-0.0129756,
0.07628,-0.0655,-0.021,
-0.10032,0.0655,-0.021,
-0.0840001,-0.0655,-0.021,
0.071232,0.0655,-0.01268,
0.07624,-0.0655,-0.021,
-0.10036,0.0655,-0.021,
-0.0840001,-0.0655,-0.021,
0.071365,0.0655,-0.0123889,
0.0762,-0.0655,-0.021,
-0.1004,0.0655,-0.021,
-0.0840001,-0.0655,-0.021,
0.071498,0.0655,-0.0121022,
0.07616,-0.0655,-0.021,
-0.10044,0.0655,-0.021,
-0.0840001,-0.0655,-0.021,
0.071631,0.0655,-0.01182,
0.07612,-0.0655,-0.021,
-0.10048,0.0655,-0.021,
-0.0840001,-0.0655,-0.021,
0.071764,0.0655,-0.0115422,
0.07608,-0.0655,-0.021,
-0.10052,0.0655,-0.021,
-0.0840001,-0.0655,-0.021,
0.071897,0.0655,-0.0112689,
0.07604,-0.0655,-0.021,
-0.10056,0.0655,-0.021,
-0.0840001,-0.0655,-0.021,
0.07203,0.0655,-0.011,
0.076,-0.0655,-0.021,
-0.1006,0.0655,-0.021,
-0.0840001,-0.0655,-0.021,
0.072163,0.0655,-0.0107356,
0.07596,-0.0655,-0.021,
-0.10064,0.0655,-0.021,
-0.0840401,-0.0655,-0.021,
0.072296,0.0655,-0.0104756,
0.07592,-0.0655,-0.021,
-0.10068,0.0655,-0.021,
-0.0840801,-0.0655,-0.021,
0.072429,0.0655,-0.01022,
0.07588,-0.0655,-0.021,
-0.10072,0.0655,-0.021,
-0.0841201,-0.0655,-0.021,
0.072562,0.0655,-0.00996889,
0.07584,-0.0655,-0.021,
-0.10076,0.0655,-0.021,
-0.0841601,-0.0655,-0.021,
0.072695,0.0655,-0.00972223,
0.0758,-0.0655,-0.021,
-0.1008,0.0655,-0.021,
-0.0842001,-0.0655,-0.021,
0.072828,0.0655,-0.00948,
0.07576,-0.0655,-0.021,
-0.10084,0.0655,-0.021,
-0.0842401,-0.0655,-0.021,
0.072961,0.0655,-0.00924223,
0.07572,-0.0655,-0.021,
-0.10088,0.0655,-0.021,
-0.0842801,-0.0655,-0.021,
0.073094,0.0655,-0.00900889,
0.07568,-0.0655,-0.021,
-0.10092,0.0655,-0.021,
-0.0843201,-0.0655,-0.021,
0.073227,0.0655,-0.00878,
0.07564,-0.0655,-0.021,
-0.10096,0.0655,-0.021,
-0.0843601,-0.0655,-0.021,
0.07336,0.0655,-0.00855556,
0.0756,-0.0655,-0.021,
-0.101,0.0655,-0.021,
-0.0844001,-0.0655,-0.021,
0.073493,0.0655,-0.00833556,
0.07556,-0.0655,-0.021,
-0.10104,0.0655,-0.021,
-0.0844401,-0.0655,-0.021,
0.073626,0.0655,-0.00812,
0.07552,-0.0655,-0.021,
-0.10108,0.0655,-0.021,
-0.0844801,-0.0655,-0.021,
0.073759,0.0655,-0.00790889,
0.07548,-0.0655,-0.021,
-0.10112,0.0655,-0.021,
-0.0845201,-0.0655,-0.021,
0.073892,0.0655,-0.00770223,
0.07544,-0.0655,-0.021,
-0.10116,0.0655,-0.021,
-0.0845601,-0.0655,-0.021,
0.074025,0.0655,-0.0075,
0.0754,-0.0655,-0.021,
-0.1012,0.0655,-0.021,
-0.0846001,-0.0655,-0.021,
0.074158,0.0655,-0.00730223,
0.07536,-0.0655,-0.021,
-0.10124,0.0655,-0.021,
-0.0846401,-0.0655,-0.021,
0.074291,0.0655,-0.00710889,
0.07532,-0.0655,-0.021,
-0.10128,0.0655,-0.021,
-0.0846801,-0.0655,-0.021,
0.074424,0.0655,-0.00692,
0.07528,-0.0655,-0.021,
-0.10132,0.0655,-0.021,
-0.0847201,-0.0655,-0.021,
0.074557,0.0655,-0.00673556,
0.07524,-0.0655,-0.021,
-0.10136,0.0655,-0.021,
-0.0847601,-0.0655,-0.021,
0.07469,0.0655,-0.00655556,
0.0752,-0.0655,-0.021,
-0.1014,0.0655,-0.021,
-0.0848001,-0.0655,-0.021,
0.074823,0.0655,-0.00638,
0.07516,-0.0655,-0.021,
-0.10144,0.0655,-0.021,
-0.0848401,-0.0655,-0.021,
0.074956,0.0655,-0.00620889,
0.07512,-0.0655,-0.021,
-0.10148,0.0655,-0.021,
-0.0848801,-0.0655,-0.021,
0.075089,0.0655,-0.00604223,
0.07508,-0.0655,-0.021,
-0.10152,0.0655,-0.021,
-0.0849201,-0.0655,-0.021,
0.075222,0.0655,-0.00588,
0.07504,-0.0655,-0.021,
-0.10156,0.0655,-0.021,
-0.0849601,-0.0655,-0.021,
0.075355,0.0655,-0.00572223,
0.075,-0.0655,-0.021,
-0.1016,0.0655,-0.021,
-0.0850001,-0.0655,-0.021,
0.075488,0.0655,-0.00556889,
0.07496,-0.0655,-0.021,
-0.10164,0.0655,-0.021,
-0.0850401,-0.0655,-0.021,
0.075621,0.0655,-0.00542,
0.07492,-0.0655,-0.021,
-0.10168,0.0655,-0.021,
-0.0850801,-0.0655,-0.021,
0.075754,0.0655,-0.00527556,
0.07488,-0.0655,-0.021,
-0.10172,0.0655,-0.021,
-0.0851201,-0.0655,-0.021,
0.075887,0.0655,-0.00513556,
0.07484,-0.0655,-0.021,
-0.10176,0.0655,-0.021,
-0.0851601,-0.0655,-0.021,
0.07602,0.0655,-0.005,
0.0748,-0.0655,-0.021,
-0.1018,0.0655,-0.021,
-0.0852001,-0.0655,-0.021,
0.076153,0.0655,-0.00486889,
0.07476,-0.0655,-0.021,
-0.10184,0.0655,-0.021,
-0.0852401,-0.0655,-0.021,
0.076286,0.0655,-0.00474223,
0.07472,-0.0655,-0.021,
-0.10188,0.0655,-0.021,
-0.0852801,-0.0655,-0.021,
0.076419,0.0655,-0.00462,
0.07468,-0.0655,-0.021,
-0.10192,0.0655,-0.021,
-0.0853201,-0.0655,-0.021,
0.076552,0.0655,-0.00450223,
0.07464,-0.0655,-0.021,
-0.10196,0.0655,-0.021,
-0.0853601,-0.0655,-0.021,
0.076685,0.0655,-0.00438889,
0.0746,-0.0655,-0.021,
-0.102,0.0655,-0.021,
-0.0854001,-0.0655,-0.021,
0.076818,0.0655,-0.00428,
0.07456,-0.0655,-0.021,
-0.10204,0.0655,-0.021,
-0.0854401,-0.0655,-0.021,
0.076951,0.0655,-0.00417556,
0.07452,-0.0655,-0.021,
-0.10208,0.0655,-0.021,
-0.0854801,-0.0655,-0.021,
0.077084,0.0655,-0.00407556,
0.07448,-0.0655,-0.021,
-0.10212,0.0655,-0.021,
-0.0855201,-0.0655,-0.021,
0.077217,0.0655,-0.00398,
0.07444,-0.0655,-0.021,
-0.10216,0.0655,-0.021,
-0.0855601,-0.0655,-0.021,
0.07735,0.0655,-0.00388889,
0.0744,-0.0655,-0.021,
-0.1022,0.0655,-0.021,
-0.0856001,-0.0655,-0.021,
0.077483,0.0655,-0.00380222,
0.07436,-0.0655,-0.021,
-0.10224,0.0655,-0.021,
-0.0856401,-0.0655,-0.021,
0.077616,0.0655,-0.00372,
0.07432,-0.0655,-0.021,
-0.10228,0.0655,-0.021,
-0.0856801,-0.0655,-0.021,
0.077749,0.0655,-0.00364223,
0.07428,-0.0655,-0.021,
-0.10232,0.0655,-0.021,
-0.0857201,-0.0655,-0.021,
0.077882,0.0655,-0.00356889,
0.07424,-0.0655,-0.021,
-0.10236,0.0655,-0.021,
-0.0857601,-0.0655,-0.021,
0.078015,0.0655,-0.0035,
0.0742,-0.0655,-0.021,
-0.1024,0.0655,-0.021,
-0.0858001,-0.0655,-0.021,
0.078148,0.0655,-0.00343556,
0.07416,-0.0655,-0.021,
-0.10244,0.0655,-0.021,
-0.0858401,-0.0655,-0.021,
0.078281,0.0655,-0.00337556,
0.07412,-0.0655,-0.021,
-0.10248,0.0655,-0.021,
-0.0858801,-0.0655,-0.021,
0.078414,0.0655,-0.00332,
0.07408,-0.0655,-0.021,
-0.10252,0.0655,-0.021,
-0.0859201,-0.0655,-0.021,
0.078547,0.0655,-0.00326889,
0.07404,-0.0655,-0.021,
-0.10256,0.0655,-0.021,
-0.0859601,-0.0655,-0.021,
0.07868,0.0655,-0.00322223,
0.074,-0.0655,-0.021,
-0.1026,0.0655,-0.021,
-0.0860001,-0.0655,-0.021,
0.078813,0.0655,-0.00318,
0.07396,-0.0655,-0.021,
-0.10264,0.0655,-0.021,
-0.0860401,-0.0655,-0.021,
0.078946,0.0655,-0.00314222,
0.07392,-0.0655,-0.021,
-0.10268,0.0655,-0.021,
-0.0860801,-0.0655,-0.021,
0.079079,0.0655,-0.00310889,
0.07388,-0.0655,-0.021,
-0.10272,0.0655,-0.021,
-0.0861201,-0.0655,-0.021,
0.079212,0.0655,-0.00308,
0.07384,-0.0655,-0.021,
-0.10276,0.0655,-0.021,
-0.0861601,-0.0655,-0.021,
0.079345,0.0655,-0.00305556,
0.0738,-0.0655,-0.021,
-0.1028,0.0655,-0.021,
-0.0862001,-0.0655,-0.021,
0.079478,0.0655,-0.00303556,
0.07376,-0.0655,-0.021,
-0.10284,0.0655,-0.021,
-0.0862401,-0.0655,-0.021,
0.079611,0.0655,-0.00302,
0.07372,-0.0655,-0.021,
-0.10288,0.0655,-0.021,
-0.0862801,-0.0655,-0.021,
0.079744,0.0655,-0.00300889,
0.07368,-0.0655,-0.021,
-0.10292,0.0655,-0.021,
-0.0863201,-0.0655,-0.021,
0.079877,0.0655,-0.00300222,
0.07364,-0.0655,-0.021,
-0.10296,0.0655,-0.021,
-0.0863601,-0.0655,-0.021,
0.08001,0.0655,-0.003,
0.0736,-0.0655,-0.021,
-0.103,0.0655,-0.021,
-0.0864001,-0.0655,-0.021,
0.080143,0.0655,-0.0036,
0.07356,-0.0655,-0.021,
-0.10304,0.0655,-0.021,
-0.0864401,-0.0655,-0.021,
0.080276,0.0655,-0.0042,
0.07352,-0.0655,-0.021,
-0.10308,0.0655,-0.021,
-0.0864801,-0.0655,-0.021,
0.080409,0.0655,-0.0048,
0.07348,-0.0655,-0.021,
-0.10312,0.0655,-0.021,
-0.0865201,-0.0655,-0.021,
0.080542,0.0655,-0.0054,
0.07344,-0.0655,-0.021,
-0.10316,0.0655,-0.021,
-0.0865601,-0.0655,-0.021,
0.080675,0.0655,-0.006,
0.0734,-0.0655,-0.021,
-0.1032,0.0655,-0.021,
-0.0866001,-0.0655,-0.021,
0.080808,0.0655,-0.0066,
0.07336,-0.0655,-0.021,
-0.10324,0.0655,-0.021,
-0.0866401,-0.0655,-0.021,
0.080941,0.0655,-0.0072,
0.07332,-0.0655,-0.021,
-0.10328,0.0655,-0.021,
-0.0866801,-0.0655,-0.021,
0.081074,0.0655,-0.0078,
0.07328,-0.0655,-0.021,
-0.10332,0.0655,-0.021,
-0.0867201,-0.0655,-0.021,
0.081207,0.0655,-0.0084,
0.07324,-0.0655,-0.021,
-0.10336,0.0655,-0.021,
-0.0867601,-0.0655,-0.021,
0.08134,0.0655,-0.009,
0.0732,-0.0655,-0.021,
-0.1034,0.0655,-0.021,
-0.0868001,-0.0655,-0.021,
0.081473,0.0655,-0.0096,
0.07316,-0.0655,-0.021,
-0.10344,0.0655,-0.021,
-0.0868401,-0.0655,-0.021,
0.081606,0.0655,-0.0102,
0.07312,-0.0655,-0.021,
-0.10348,0.0655,-0.021,
-0.0868801,-0.0655,-0.021,
0.081739,0.0655,-0.0108,
0.07308,-0.0655,-0.021,
-0.10352,0.0655,-0.021,
-0.0869201,-0.0655,-0.021,
0.081872,0.0655,-0.0114,
0.07304,-0.0655,-0.021,
-0.10356,0.0655,-0.021,
-0.0869601,-0.0655,-0.021,
0.082005,0.0655,-0.012,
0.073,-0.0655,-0.021,
-0.1036,0.0655,-0.021,
-0.0870001,-0.0655,-0.021,
0.082138,0.0655,-0.0126,
0.07296,-0.0655,-0.021,
-0.10364,0.0655,-0.021,
-0.0870401,-0.0655,-0.021,
0.082271,0.0655,-0.0132,
0.07292,-0.0655,-0.021,
-0.10368,0.0655,-0.021,
-0.0870801,-0.0655,-0.021,
0.082404,0.0655,-0.0138,
0.07288,-0.0655,-0.021,
-0.10372,0.0655,-0.021,
-0.0871201,-0.0655,-0.021,
0.082537,0.0655,-0.0144,
0.07284,-0.0655,-0.021,
-0.10376,0.0655,-0.021,
-0.0871601,-0.0655,-0.021,
0.08267,0.0655,-0.015,
0.0728,-0.0655,-0.021,
-0.1038,0.0655,-0.021,
-0.0872001,-0.0655,-0.021,
0.082803,0.0655,-0.0156,
0.07276,-0.0655,-0.021,
-0.10384,0.0655,-0.021,
-0.0872401,-0.0655,-0.021,
0.082936,0.0655,-0.0162,
0.07272,-0.0655,-0.021,
-0.10388,0.0655,-0.021,
-0.0872801,-0.0655,-0.021,
0.083069,0.0655,-0.0168,
0.07268,-0.0655,-0.021,
-0.10392,0.0655,-0.021,
-0.0873201,-0.0655,-0.021,
0.083202,0.0655,-0.0174,
0.07264,-0.0655,-0.021,
-0.10396,0.0655,-0.021,
-0.0873601,-0.0655,-0.021,
0.083335,0.0655,-0.018,
0.0726,-0.0655,-0.021,
-0.104,0.0655,-0.021,
-0.0874001,-0.0655,-0.021,
0.083468,0.0655,-0.0186,
0.07256,-0.0655,-0.021,
-0.10404,0.0655,-0.021,
-0.0874401,-0.0655,-0.021,
0.083601,0.0655,-0.0192,
0.07252,-0.0655,-0.021,
-0.10408,0.0655,-0.021,
-0.0874801,-0.0655,-0.021,
0.083734,0.0655,-0.0198,
0.07248,-0.0655,-0.021,
-0.10412,0.0655,-0.021,
-0.0875201,-0.0655,-0.021,
0.083867,0.0655,-0.0204,
0.07244,-0.0655,-0.021,
-0.10416,0.0655,-0.021,
-0.0875601,-0.0655,-0.021,
0.084,0.0655,-0.021,
0.0724,-0.0655,-0.021,
-0.1042,0.0655,-0.021,
-0.0876001,-0.0655,-0.021,
0.084,0.0655,-0.021,
0.07236,-0.0655,-0.021,
-0.10424,0.0655,-0.021,
-0.0876401,-0.0655,-0.021,
0.084,0.0655,-0.021,
0.07232,-0.0655,-0.021,
-0.10428,0.0655,-0.021,
-0.0876801,-0.0655,-0.021,
0.084,0.0655,-0.021,
0.07228,-0.0655,-0.021,
-0.10432,0.0655,-0.021,
-0.0877201,-0.0655,-0.021,
0.084,0.0655,-0.021,
0.07224,-0.0655,-0.021,
-0.10436,0.0655,-0.021,
-0.0877601,-0.0655,-0.021,
0.084,0.0655,-0.021,
0.0722,-0.0655,-0.021,
-0.1044,0.0655,-0.021,
-0.0878001,-0.0655,-0.021,
0.084,0.0655,-0.021,
0.07216,-0.0655,-0.021,
-0.10444,0.0655,-0.021,
-0.0878401,-0.0655,-0.021,
0.084,0.0655,-0.021,
0.07212,-0.0655,-0.021,
-0.10448,0.0655,-0.021,
-0.0878801,-0.0655,-0.021,
0.084,0.0655,-0.021,
0.07208,-0.0655,-0.021,
-0.10452,0.0655,-0.021,
-0.0879201,-0.0655,-0.021,
0.084,0.0655,-0.021,
0.07204,-0.0655,-0.021,
-0.10456,0.0655,-0.021,
-0.0879601,-0.0655,-0.021,
0.084,0.0655,-0.021,
0.072,-0.0655,-0.021,
-0.1046,0.0655,-0.021,
-0.0880001,-0.0655,-0.021,
0.084,0.0655,-0.021,
0.07196,-0.0655,-0.021,
-0.10464,0.0655,-0.021,
-0.0880401,-0.0655,-0.021,
0.084,0.0655,-0.021,
0.07192,-0.0655,-0.021,
-0.10468,0.0655,-0.021,
-0.0880801,-0.0655,-0.021,
0.084,0.0655,-0.021,
0.07188,-0.0655,-0.021,
-0.10472,0.0655,-0.021,
-0.0881201,-0.0655,-0.021,
0.084,0.0655,-0.021,
0.07184,-0.0655,-0.021,
-0.10476,0.0655,-0.021,
-0.0881601,-0.0655,-0.021,
0.084,0.0655,-0.021,
0.0718,-0.0655,-0.021,
-0.1048,0.0655,-0.021,
-0.0882001,-0.0655,-0.021,
0.084,0.0655,-0.021,
0.07176,-0.0655,-0.021,
-0.10484,0.0655,-0.021,
-0.0882401,-0.0655,-0.021,
0.084,0.0655,-0.021,
0.07172,-0.0655,-0.021,
-0.10488,0.0655,-0.021,
-0.0882801,-0.0655,-0.021,
0.084,0.0655,-0.021,
0.07168,-0.0655,-0.021,
-0.10492,0.0655,-0.021,
-0.0883201,-0.0655,-0.021,
0.084,0.0655,-0.021,
0.07164,-0.0655,-0.021,
-0.10496,0.0655,-0.021,
-0.0883601,-0.0655,-0.021,
0.084,0.0655,-0.021,
0.0716,-0.0655,-0.021,
-0.105,0.0655,-0.021,
-0.0884001,-0.0655,-0.021,
0.084,0.0655,-0.021,
0.07156,-0.0655,-0.021,
-0.10504,0.0655,-0.021,
-0.0884401,-0.0655,-0.021,
0.084,0.0655,-0.021,
0.07152,-0.0655,-0.021,
-0.10508,0.0655,-0.021,
-0.0884801,-0.0655,-0.021,
0.084,0.0655,-0.021,
0.07148,-0.0655,-0.021,
-0.10512,0.0655,-0.021,
-0.0885201,-0.0655,-0.021,
0.084,0.0655,-0.021,
0.07144,-0.0655,-0.021,
-0.10516,0.0655,-0.021,
-0.0885601,-0.0655,-0.021,
0.084,0.0655,-0.021,
0.0714,-0.0655,-0.021,
-0.1052,0.0655,-0.021,
-0.0886001,-0.0655,-0.021,
0.084,0.0655,-0.021,
0.07136,-0.0655,-0.021,
-0.10524,0.0655,-0.021,
-0.0886401,-0.0655,-0.021,
0.084,0.0655,-0.021,
0.07132,-0.0655,-0.021,
-0.10528,0.0655,-0.021,
-0.0886801,-0.0655,-0.021,
0.084,0.0655,-0.021,
0.07128,-0.0655,-0.021,
-0.10532,0.0655,-0.021,
-0.0887201,-0.0655,-0.021,
0.084,0.0655,-0.021,
0.07124,-0.0655,-0.021,
-0.10536,0.0655,-0.021,
-0.0887601,-0.0655,-0.021,
0.084,0.0655,-0.021,
0.0712,-0.0655,-0.021,
-0.1054,0.0655,-0.021,
-0.0888001,-0.0655,-0.021,
0.084,0.0655,-0.021,
0.07116,-0.0655,-0.021,
-0.10544,0.0655,-0.021,
-0.0888401,-0.0655,-0.021,
0.084,0.0655,-0.021,
0.07112,-0.0655,-0.021,
-0.10548,0.0655,-0.021,
-0.0888801,-0.0655,-0.021,
0.084,0.0655,-0.021,
0.07108,-0.0655,-0.021,
-0.10552,0.0655,-0.021,
-0.0889201,-0.0655,-0.021,
0.084,0.0655,-0.021,
0.07104,-0.0655,-0.021,
-0.10556,0.0655,-0.021,
-0.0889601,-0.0655,-0.021,
0.084,0.0655,-0.021,
0.071,-0.0655,-0.021,
-0.1056,0.0655,-0.021,
-0.0890001,-0.0655,-0.021,
0.084,0.0655,-0.021,
0.07096,-0.0655,-0.021,
-0.10564,0.0655,-0.021,
-0.0890401,-0.0655,-0.021,
0.084,0.0655,-0.021,
0.07092,-0.0655,-0.021,
-0.10568,0.0655,-0.021,
-0.0890801,-0.0655,-0.021,
0.084,0.0655,-0.021,
0.07088,-0.0655,-0.021,
-0.10572,0.0655,-0.021,
-0.0891201,-0.0655,-0.021,
0.084,0.0655,-0.021,
0.07084,-0.0655,-0.021,
-0.10576,0.0655,-0.021,
-0.0891601,-0.0655,-0.021,
0.084,0.0655,-0.021,
0.0708,-0.0655,-0.021,
-0.1058,0.0655,-0.021,
-0.0892001,-0.0655,-0.021,
0.084,0.0655,-0.021,
0.07076,-0.0655,-0.021,
-0.10584,0.0655,-0.021,
-0.0892401,-0.0655,-0.021,
0.084,0.0655,-0.021,
0.07072,-0.0655,-0.021,
-0.10588,0.0655,-0.021,
-0.0892801,-0.0655,-0.021,
0.084,0.0655,-0.021,
0.07068,-0.0655,-0.021,
-0.10592,0.0655,-0.021,
-0.0893201,-0.0655,-0.021,
0.084,0.0655,-0.021,
0.07064,-0.0655,-0.021,
-0.10596,0.0655,-0.021,
-0.0893601,-0.0655,-0.021,
0.084,0.0655,-0.021,
0.0706,-0.0655,-0.021,
-0.106,0.0655,-0.021,
-0.0894001,-0.0655,-0.021,
0.084,0.0655,-0.021,
0.07056,-0.0655,-0.021,
-0.10604,0.0655,-0.021,
-0.0894401,-0.0655,-0.021,
0.084,0.0655,-0.021,
0.07052,-0.0655,-0.021,
-0.10608,0.0655,-0.021,
-0.0894801,-0.0655,-0.021,
0.084,0.0655,-0.021,
0.07048,-0.0655,-0.021,
-0.10612,0.0655,-0.021,
-0.0895201,-0.0655,-0.021,
0.084,0.0655,-0.021,
0.07044,-0.0655,-0.021,
-0.10616,0.0655,-0.021,
-0.0895601,-0.0655,-0.021,
0.084,0.0655,-0.021,
0.0704,-0.0655,-0.021,
-0.1062,0.0655,-0.021,
-0.0896001,-0.0655,-0.021,
0.084,0.0655,-0.021,
0.07036,-0.0655,-0.021,
-0.10624,0.0655,-0.021,
-0.0896401,-0.0655,-0.021,
0.084,0.0655,-0.021,
0.07032,-0.0655,-0.021,
-0.10628,0.0655,-0.021,
-0.0896801,-0.0655,-0.021,
0.084,0.0655,-0.021,
0.07028,-0.0655,-0.021,
-0.10632,0.0655,-0.021,
-0.0897201,-0.0655,-0.021,
0.084,0.0655,-0.021,
0.07024,-0.0655,-0.021,
-0.10636,0.0655,-0.021,
-0.0897601,-0.0655,-0.021,
0.084,0.0655,-0.021,
0.0702,-0.0655,-0.021,
-0.1064,0.0655,-0.021,
-0.0898001,-0.0655,-0.021,
0.084,0.0655,-0.021,
0.07016,-0.0655,-0.021,
-0.10644,0.0655,-0.021,
-0.0898401,-0.0655,-0.021,
0.084,0.0655,-0.021,
0.07012,-0.0655,-0.021,
-0.10648,0.0655,-0.021,
-0.0898801,-0.0655,-0.021,
0.084,0.0655,-0.021,
0.07008,-0.0655,-0.021,
-0.10652,0.0655,-0.021,
-0.0899201,-0.0655,-0.021,
0.084,0.0655,-0.021,
0.07004,-0.0655,-0.021,
-0.10656,0.0655,-0.021,
-0.0899601,-0.0655,-0.021,
0.084,0.0655,-0.021,
0.07,-0.0655,-0.021,
-0.1066,0.0655,-0.021,
-0.0900001,-0.0655,-0.021,
0.084,0.0655,-0.021,
0.06996,-0.0655,-0.021,
-0.10664,0.0655,-0.021,
-0.0900401,-0.0655,-0.021,
0.084,0.0655,-0.021,
0.06992,-0.0655,-0.021,
-0.10668,0.0655,-0.021,
-0.0900801,-0.0655,-0.021,
0.084,0.0655,-0.021,
0.06988,-0.0655,-0.021,
-0.10672,0.0655,-0.021,
-0.0901201,-0.0655,-0.021,
0.084,0.0655,-0.021,
0.06984,-0.0655,-0.021,
-0.10676,0.0655,-0.021,
-0.0901601,-0.0655,-0.021,
0.084,0.0655,-0.021,
0.0698,-0.0655,-0.021,
-0.1068,0.0655,-0.021,
-0.0902001,-0.0655,-0.021,
0.084,0.0655,-0.021,
0.06976,-0.0655,-0.021,
-0.10684,0.0655,-0.021,
-0.0902401,-0.0655,-0.021,
0.084,0.0655,-0.021,
0.06972,-0.0655,-0.021,
-0.10688,0.0655,-0.021,
-0.0902801,-0.0655,-0.021,
0.084,0.0655,-0.021,
0.06968,-0.0655,-0.021,
-0.10692,0.0655,-0.021,
-0.0903201,-0.0655,-0.021,
0.084,0.0655,-0.021,
0.06964,-0.0655,-0.021,
-0.10696,0.0655,-0.021,
-0.0903601,-0.0655,-0.021,
0.084,0.0655,-0.021,
0.0696,-0.0655,-0.021,
-0.107,0.0655,-0.021,
-0.0904001,-0.0655,-0.021,
0.084,0.0655,-0.021,
0.06956,-0.0655,-0.021,
-0.10704,0.0655,-0.021,
-0.0904401,-0.0655,-0.021,
0.084,0.0655,-0.021,
0.06952,-0.0655,-0.021,
-0.10708,0.0655,-0.021,
-0.0904801,-0.0655,-0.021,
0.084,0.0655,-0.021,
0.06948,-0.0655,-0.021,
-0.10712,0.0655,-0.021,
-0.0905201,-0.0655,-0.021,
0.084,0.0655,-0.021,
0.06944,-0.0655,-0.021,
-0.10716,0.0655,-0.021,
-0.0905601,-0.0655,-0.021,
0.084,0.0655,-0.021,
0.0694,-0.0655,-0.021,
-0.1072,0.0655,-0.021,
-0.0906001,-0.0655,-0.021,
0.084,0.0655,-0.021,
0.06936,-0.0655,-0.021,
-0.10724,0.0655,-0.021,
-0.0906401,-0.0655,-0.021,
0.084,0.0655,-0.021,
0.06932,-0.0655,-0.021,
-0.10728,0.0655,-0.021,
-0.0906801,-0.0655,-0.021,
0.084,0.0655,-0.021,
0.06928,-0.0655,-0.021,
-0.10732,0.0655,-0.021,
-0.0907201,-0.0655,-0.021,
0.084,0.0655,-0.021,
0.06924,-0.0655,-0.021,
-0.10736,0.0655,-0.021,
-0.0907601,-0.0655,-0.021,
0.084,0.0655,-0.021,
0.0692,-0.0655,-0.021,
-0.1074,0.0655,-0.021,
-0.0908001,-0.0655,-0.021,
0.084,0.0655,-0.021,
0.06916,-0.0655,-0.021,
-0.107205,0.0655,-0.0206022,
-0.0908401,-0.0655,-0.021,
0.084,0.0655,-0.021,
0.06912,-0.0655,-0.021,
-0.10701,0.0655,-0.0202089,
-0.0908801,-0.0655,-0.021,
0.084,0.0655,-0.021,
0.06908,-0.0655,-0.021,
-0.106815,0.0655,-0.01982,
-0.0909201,-0.0655,-0.021,
0.084,0.0655,-0.021,
0.06904,-0.0655,-0.021,
-0.10662,0.0655,-0.0194355,
-0.0909601,-0.0655,-0.021,
0.084,0.0655,-0.021,
0.069,-0.0655,-0.021,
-0.106425,0.0655,-0.0190555,
-0.0910001,-0.0655,-0.021,
0.084,0.0655,-0.021,
0.06896,-0.0655,-0.021,
-0.10623,0.0655,-0.01868,
-0.0910401,-0.0655,-0.021,
0.084,0.0655,-0.021,
0.06892,-0.0655,-0.021,
-0.106035,0.0655,-0.0183088,
-0.0910801,-0.0655,-0.021,
0.084,0.0655,-0.021,
0.06888,-0.0655,-0.021,
-0.10584,0.0655,-0.0179422,
-0.0911201,-0.0655,-0.021,
0.084,0.0655,-0.021,
0.06884,-0.0655,-0.021,
-0.105645,0.0655,-0.0175799,
-0.0911601,-0.0655,-0.021,
0.084,0.0655,-0.021,
0.0688,-0.0655,-0.021,
-0.10545,0.0655,-0.0172222,
-0.0912001,-0.0655,-0.021,
0.084,0.0655,-0.021,
0.06876,-0.0655,-0.021,
-0.105255,0.0655,-0.0168688,
-0.0912401,-0.0655,-0.021,
0.084,0.0655,-0.021,
0.06872,-0.0655,-0.021,
-0.10506,0.0655,-0.0165199,
-0.0912801,-0.0655,-0.021,
0.084,0.0655,-0.021,
0.06868,-0.0655,-0.021,
-0.104865,0.0655,-0.0161755,
-0.0913201,-0.0655,-0.021,
0.084,0.0655,-0.021,
0.06864,-0.0655,-0.021,
-0.10467,0.0655,-0.0158355,
-0.0913601,-0.0655,-0.021,
0.084,0.0655,-0.021,
0.0686,-0.0655,-0.021,
-0.104475,0.0655,-0.0154999,
-0.0914001,-0.0655,-0.021,
0.084,0.0655,-0.021,
0.06856,-0.0655,-0.021,
-0.10428,0.0655,-0.0151688,
-0.0914401,-0.0655,-0.021,
0.084,0.0655,-0.021,
0.06852,-0.0655,-0.021,
-0.104085,0.0655,-0.0148421,
-0.0914801,-0.0655,-0.021,
0.084,0.0655,-0.021,
0.06848,-0.0655,-0.021,
-0.10389,0.0655,-0.0145199,
-0.0915201,-0.0655,-0.021,
0.084,0.0655,-0.021,
0.06844,-0.0655,-0.021,
-0.103695,0.0655,-0.0142021,
-0.0915601,-0.0655,-0.021,
0.084,0.0655,-0.021,
0.0684,-0.0655,-0.021,
-0.1035,0.0655,-0.0138888,
-0.0916001,-0.0655,-0.021,
0.084,0.0655,-0.021,
0.06836,-0.0655,-0.021,
-0.103305,0.0655,-0.0135799,
-0.0916401,-0.0655,-0.021,
0.084,0.0655,-0.021,
0.06832,-0.0655,-0.021,
-0.10311,0.0655,-0.0132754,
-0.0916801,-0.0655,-0.021,
0.084,0.0655,-0.021,
0.06828,-0.0655,-0.021,
-0.102915,0.0655,-0.0129754,
-0.0917201,-0.0655,-0.021,
0.084,0.0655,-0.021,
0.0682399,-0.0655,-0.021,
-0.10272,0.0655,-0.0126799,
-0.0917601,-0.0655,-0.021,
0.084,0.0655,-0.021,
0.0682,-0.0655,-0.021,
-0.102525,0.0655,-0.0123888,
-0.0918001,-0.0655,-0.021,
0.084,0.0655,-0.021,
0.06816,-0.0655,-0.021,
-0.10233,0.0655,-0.0121021,
-0.0918401,-0.0655,-0.021,
0.084,0.0655,-0.021,
0.06812,-0.0655,-0.021,
-0.102135,0.0655,-0.0118199,
-0.0918801,-0.0655,-0.021,
0.084,0.0655,-0.021,
0.0680799,-0.0655,-0.021,
-0.10194,0.0655,-0.0115421,
-0.0919201,-0.0655,-0.021,
0.084,0.0655,-0.021,
0.06804,-0.0655,-0.021,
-0.101745,0.0655,-0.0112688,
-0.0919601,-0.0655,-0.021,
0.084,0.0655,-0.021,
0.068,-0.0655,-0.021,
-0.10155,0.0655,-0.0109999,
-0.0920001,-0.0655,-0.021,
0.08396,0.0655,-0.021,
0.0679599,-0.0655,-0.021,
-0.101355,0.0655,-0.0107354,
-0.0920401,-0.0655,-0.021,
0.08392,0.0655,-0.021,
0.0679199,-0.0655,-0.021,
-0.10116,0.0655,-0.0104754,
-0.0920801,-0.0655,-0.021,
0.08388,0.0655,-0.021,
0.06788,-0.0655,-0.021,
-0.100965,0.0655,-0.0102199,
-0.0921201,-0.0655,-0.021,
0.08384,0.0655,-0.021,
0.06784,-0.0655,-0.021,
-0.10077,0.0655,-0.00996875,
-0.0921601,-0.0655,-0.021,
0.0838,0.0655,-0.021,
0.0677999,-0.0655,-0.021,
-0.100575,0.0655,-0.00972208,
-0.0922001,-0.0655,-0.021,
0.08376,0.0655,-0.021,
0.0677599,-0.0655,-0.021,
-0.10038,0.0655,-0.00947986,
-0.0922401,-0.0655,-0.021,
0.08372,0.0655,-0.021,
0.06772,-0.0655,-0.021,
-0.100185,0.0655,-0.00924208,
-0.0922801,-0.0655,-0.021,
0.08368,0.0655,-0.021,
0.0676799,-0.0655,-0.021,
-0.09999,0.0655,-0.00900875,
-0.0923201,-0.0655,-0.021,
0.08364,0.0655,-0.021,
0.0676399,-0.0655,-0.021,
-0.0997949,0.0655,-0.00877986,
-0.0923601,-0.0655,-0.021,
0.0836,0.0655,-0.021,
0.0675999,-0.0655,-0.021,
-0.0995999,0.0655,-0.00855541,
-0.0924001,-0.0655,-0.021,
0.08356,0.0655,-0.021,
0.06756,-0.0655,-0.021,
-0.0994049,0.0655,-0.00833541,
-0.0924401,-0.0655,-0.021,
0.08352,0.0655,-0.021,
0.0675199,-0.0655,-0.021,
-0.0992099,0.0655,-0.00811986,
-0.0924801,-0.0655,-0.021,
0.08348,0.0655,-0.021,
0.0674799,-0.0655,-0.021,
-0.0990149,0.0655,-0.00790874,
-0.0925201,-0.0655,-0.021,
0.08344,0.0655,-0.021,
0.0674399,-0.0655,-0.021,
-0.0988199,0.0655,-0.00770208,
-0.0925601,-0.0655,-0.021,
0.0834,0.0655,-0.021,
0.0673999,-0.0655,-0.021,
-0.0986249,0.0655,-0.00749985,
-0.0926001,-0.0655,-0.021,
0.08336,0.0655,-0.021,
0.0673599,-0.0655,-0.021,
-0.0984299,0.0655,-0.00730208,
-0.0926401,-0.0655,-0.021,
0.08332,0.0655,-0.021,
0.0673199,-0.0655,-0.021,
-0.0982349,0.0655,-0.00710874,
-0.0926801,-0.0655,-0.021,
0.08328,0.0655,-0.021,
0.0672799,-0.0655,-0.021,
-0.0980399,0.0655,-0.00691986,
-0.0927201,-0.0655,-0.021,
0.08324,0.0655,-0.021,
0.0672399,-0.0655,-0.021,
-0.0978449,0.0655,-0.00673541,
-0.0927601,-0.0655,-0.021,
0.0832,0.0655,-0.021,
0.0671999,-0.0655,-0.021,
-0.0976499,0.0655,-0.00655541,
-0.0928001,-0.0655,-0.021,
0.08316,0.0655,-0.021,
0.0671599,-0.0655,-0.021,
-0.0974549,0.0655,-0.00637986,
-0.0928401,-0.0655,-0.021,
0.08312,0.0655,-0.021,
0.0671199,-0.0655,-0.021,
-0.0972599,0.0655,-0.00620875,
-0.0928801,-0.0655,-0.021,
0.08308,0.0655,-0.021,
0.0670799,-0.0655,-0.021,
-0.0970649,0.0655,-0.00604208,
-0.0929201,-0.0655,-0.021,
0.08304,0.0655,-0.021,
0.0670399,-0.0655,-0.021,
-0.0968699,0.0655,-0.00587986,
-0.0929601,-0.0655,-0.021,
0.083,0.0655,-0.021,
0.0669999,-0.0655,-0.021,
-0.0966749,0.0655,-0.00572208,
-0.0930001,-0.0655,-0.021,
0.08296,0.0655,-0.021,
0.0669599,-0.0655,-0.021,
-0.0964799,0.0655,-0.00556875,
-0.0930401,-0.0655,-0.021,
0.08292,0.0655,-0.021,
0.0669199,-0.0655,-0.021,
-0.0962849,0.0655,-0.00541986,
-0.0930801,-0.0655,-0.021,
0.08288,0.0655,-0.021,
0.0668799,-0.0655,-0.021,
-0.0960899,0.0655,-0.00527542,
-0.0931201,-0.0655,-0.021,
0.08284,0.0655,-0.021,
0.0668399,-0.0655,-0.021,
-0.0958949,0.0655,-0.00513542,
-0.0931601,-0.0655,-0.021,
0.0828,0.0655,-0.021,
0.0667999,-0.0655,-0.021,
-0.0956999,0.0655,-0.00499987,
-0.0932001,-0.0655,-0.021,
0.08276,0.0655,-0.021,
0.0667599,-0.0655,-0.021,
-0.0955049,0.0655,-0.00486876,
-0.0932401,-0.0655,-0.021,
0.08272,0.0655,-0.021,
0.0667199,-0.0655,-0.021,
-0.0953099,0.0655,-0.0047421,
-0.0932801,-0.0655,-0.021,
0.08268,0.0655,-0.021,
0.0666799,-0.0655,-0.021,
-0.0951148,0.0655,-0.00461988,
-0.0933201,-0.0655,-0.021,
0.08264,0.0655,-0.021,
0.0666399,-0.0655,-0.021,
-0.0949198,0.0655,-0.0045021,
-0.0933601,-0.0655,-0.021,
0.0826,0.0655,-0.021,
0.0665999,-0.0655,-0.021,
-0.0947248,0.0655,-0.00438877,
-0.0934001,-0.0655,-0.021,
0.08256,0.0655,-0.021,
0.0665599,-0.0655,-0.021,
-0.0945298,0.0655,-0.00427989,
-0.0934401,-0.0655,-0.021,
0.08252,0.0655,-0.021,
0.0665199,-0.0655,-0.021,
-0.0943348,0.0655,-0.00417545,
-0.0934801,-0.0655,-0.021,
0.08248,0.0655,-0.021,
0.0664799,-0.0655,-0.021,
-0.0941398,0.0655,-0.00407545,
-0.0935201,-0.0655,-0.021,
0.08244,0.0655,-0.021,
0.0664399,-0.0655,-0.021,
-0.0939448,0.0655,-0.0039799,
-0.0935601,-0.0655,-0.021,
0.0824,0.0655,-0.021,
0.0663999,-0.0655,-0.021,
-0.0937498,0.0655,-0.00388879,
-0.0936001,-0.0655,-0.021,
0.08236,0.0655,-0.021,
0.0663599,-0.0655,-0.021,
-0.0935548,0.0655,-0.00380212,
-0.0936401,-0.0655,-0.021,
0.08232,0.0655,-0.021,
0.0663199,-0.0655,-0.021,
-0.0933598,0.0655,-0.00371991,
-0.0936801,-0.0655,-0.021,
0.08228,0.0655,-0.021,
0.0662799,-0.0655,-0.021,
-0.0931648,0.0655,-0.00364213,
-0.0937201,-0.0655,-0.021,
0.08224,0.0655,-0.021,
0.0662399,-0.0655,-0.021,
-0.0929698,0.0655,-0.0035688,
-0.0937601,-0.0655,-0.021,
0.0822,0.0655,-0.021,
0.0661999,-0.0655,-0.021,
-0.0927748,0.0655,-0.00349992,
-0.0938001,-0.0655,-0.021,
0.08216,0.0655,-0.021,
0.0661599,-0.0655,-0.021,
-0.0925798,0.0655,-0.00343548,
-0.0938401,-0.0655,-0.021,
0.08212,0.0655,-0.021,
0.0661199,-0.0655,-0.021,
-0.0923848,0.0655,-0.00337548,
-0.0938801,-0.0655,-0.021,
0.08208,0.0655,-0.021,
0.0660799,-0.0655,-0.021,
-0.0921898,0.0655,-0.00331993,
-0.0939201,-0.0655,-0.021,
0.08204,0.0655,-0.021,
0.0660399,-0.0655,-0.021,
-0.0919948,0.0655,-0.00326883,
-0.0939601,-0.0655,-0.021,
0.082,0.0655,-0.021,
0.0659999,-0.0655,-0.021,
-0.0917998,0.0655,-0.00322217,
-0.0940001,-0.0655,-0.021,
0.08196,0.0655,-0.021,
0.0659599,-0.0655,-0.021,
-0.0916048,0.0655,-0.00317995,
-0.0940401,-0.0655,-0.021,
0.08192,0.0655,-0.021,
0.0659199,-0.0655,-0.021,
-0.0914098,0.0655,-0.00314218,
-0.0940801,-0.0655,-0.021,
0.08188,0.0655,-0.021,
0.0658799,-0.0655,-0.021,
-0.0912148,0.0655,-0.00310885,
-0.0941201,-0.0655,-0.021,
0.08184,0.0655,-0.021,
0.0658399,-0.0655,-0.021,
-0.0910198,0.0655,-0.00307996,
-0.0941601,-0.0655,-0.021,
0.0818,0.0655,-0.021,
0.0657999,-0.0655,-0.021,
-0.0908248,0.0655,-0.00305553,
-0.0942001,-0.0655,-0.021,
0.08176,0.0655,-0.021,
0.0657599,-0.0655,-0.021,
-0.0906298,0.0655,-0.00303553,
-0.0942401,-0.0655,-0.021,
0.08172,0.0655,-0.021,
0.0657199,-0.0655,-0.021,
-0.0904348,0.0655,-0.00301998,
-0.0942801,-0.0655,-0.021,
0.08168,0.0655,-0.021,
0.0656799,-0.0655,-0.021,
-0.0902397,0.0655,-0.00300888,
-0.0943201,-0.0655,-0.021,
0.08164,0.0655,-0.021,
0.0656399,-0.0655,-0.021,
-0.0900447,0.0655,-0.00300222,
-0.0943601,-0.0655,-0.021,
0.0816,0.0655,-0.021,
0.0655999,-0.0655,-0.021,
-0.0898497,0.0655,-0.003,
-0.0944001,-0.0655,-0.021,
0.08156,0.0655,-0.021,
0.0655599,-0.0655,-0.021,
-0.0896547,0.0655,-0.0036,
-0.0944401,-0.0655,-0.021,
0.08152,0.0655,-0.021,
0.0655199,-0.0655,-0.021,
-0.0894597,0.0655,-0.0042,
-0.0944801,-0.0655,-0.021,
0.08148,0.0655,-0.021,
0.0654799,-0.0655,-0.021,
-0.0892647,0.0655,-0.0048,
-0.0945201,-0.0655,-0.021,
0.08144,0.0655,-0.021,
0.0654399,-0.0655,-0.021,
-0.0890697,0.0655,-0.0054,
-0.0945601,-0.0655,-0.021,
0.0814,0.0655,-0.021,
0.0653999,-0.0655,-0.021,
-0.0888747,0.0655,-0.006,
-0.0946001,-0.0655,-0.021,
0.08136,0.0655,-0.021,
0.0653599,-0.0655,-0.021,
-0.0886797,0.0655,-0.0066,
-0.0946401,-0.0655,-0.021,
0.08132,0.0655,-0.021,
0.0653199,-0.0655,-0.021,
-0.0884847,0.0655,-0.0072,
-0.0946801,-0.0655,-0.021,
0.08128,0.0655,-0.021,
0.0652799,-0.0655,-0.021,
-0.0882897,0.0655,-0.0078,
-0.0947201,-0.0655,-0.021,
0.08124,0.0655,-0.021,
0.0652399,-0.0655,-0.021,
-0.0880947,0.0655,-0.0084,
-0.0947601,-0.0655,-0.021,
0.0812,0.0655,-0.021,
0.0651999,-0.0655,-0.021,
-0.0878997,0.0655,-0.009,
-0.0948001,-0.0655,-0.021,
0.08116,0.0655,-0.021,
0.0651599,-0.0655,-0.021,
-0.0877047,0.0655,-0.0096,
-0.0948401,-0.0655,-0.021,
0.08112,0.0655,-0.021,
0.0651199,-0.0655,-0.021,
-0.0875097,0.0655,-0.0102,
-0.0948801,-0.0655,-0.021,
0.08108,0.0655,-0.021,
0.0650799,-0.0655,-0.021,
-0.0873147,0.0655,-0.0108,
-0.0949201,-0.0655,-0.021,
0.08104,0.0655,-0.021,
0.0650399,-0.0655,-0.021,
-0.0871197,0.0655,-0.0114,
-0.0949601,-0.0655,-0.021,
0.081,0.0655,-0.021,
0.0649999,-0.0655,-0.021,
-0.0869247,0.0655,-0.012,
-0.0950001,-0.0655,-0.021,
0.08096,0.0655,-0.021,
0.0649599,-0.0655,-0.021,
-0.0867297,0.0655,-0.0126,
-0.0950401,-0.0655,-0.021,
0.08092,0.0655,-0.021,
0.0649199,-0.0655,-0.021,
-0.0865347,0.0655,-0.0132,
-0.0950801,-0.0655,-0.021,
0.08088,0.0655,-0.021,
0.0648799,-0.0655,-0.021,
-0.0863397,0.0655,-0.0138,
-0.0951201,-0.0655,-0.021,
0.08084,0.0655,-0.021,
0.0648399,-0.0655,-0.021,
-0.0861447,0.0655,-0.0144,
-0.0951601,-0.0655,-0.021,
0.0808,0.0655,-0.021,
0.0647999,-0.0655,-0.021,
-0.0859497,0.0655,-0.015,
-0.0952001,-0.0655,-0.021,
0.08076,0.0655,-0.021,
0.0647599,-0.0655,-0.021,
-0.0857547,0.0655,-0.0156,
-0.0952401,-0.0655,-0.021,
0.08072,0.0655,-0.021,
0.0647199,-0.0655,-0.021,
-0.0855597,0.0655,-0.0162,
-0.0952801,-0.0655,-0.021,
0.08068,0.0655,-0.021,
0.0646799,-0.0655,-0.021,
-0.0853646,0.0655,-0.0168,
-0.0953201,-0.0655,-0.021,
0.08064,0.0655,-0.021,
0.0646399,-0.0655,-0.021,
-0.0851696,0.0655,-0.0174,
-0.0953601,-0.0655,-0.021,
0.0806,0.0655,-0.021,
0.0645999,-0.0655,-0.021,
-0.0849746,0.0655,-0.018,
-0.0954001,-0.0655,-0.021,
0.08056,0.0655,-0.021,
0.0645599,-0.0655,-0.021,
-0.0847796,0.0655,-0.0186,
-0.0954401,-0.0655,-0.021,
0.08052,0.0655,-0.021,
0.0645199,-0.0655,-0.021,
-0.0845846,0.0655,-0.0192,
-0.0954801,-0.0655,-0.021,
0.08048,0.0655,-0.021,
0.0644799,-0.0655,-0.021,
-0.0843896,0.0655,-0.0198,
-0.0955201,-0.0655,-0.021,
0.08044,0.0655,-0.021,
0.0644399,-0.0655,-0.021,
-0.0841946,0.0655,-0.0204,
-0.0955601,-0.0655,-0.021,
0.0804,0.0655,-0.021,
0.0643999,-0.0655,-0.021,
-0.0839996,0.0655,-0.021,
-0.0956001,-0.0655,-0.021,
0.08036,0.0655,-0.021,
0.0643599,-0.0655,-0.021,
-0.0839996,0.0655,-0.021,
-0.0956401,-0.0655,-0.021,
0.08032,0.0655,-0.021,
0.0643199,-0.0655,-0.021,
-0.0839996,0.0655,-0.021,
-0.0956801,-0.0655,-0.021,
0.08028,0.0655,-0.021,
0.0642799,-0.0655,-0.021,
-0.0839996,0.0655,-0.021,
-0.0957201,-0.0655,-0.021,
0.08024,0.0655,-0.021,
0.0642399,-0.0655,-0.021,
-0.0839996,0.0655,-0.021,
-0.0957601,-0.0655,-0.021,
0.0802,0.0655,-0.021,
0.0641999,-0.0655,-0.021,
-0.0839996,0.0655,-0.021,
-0.0958001,-0.0655,-0.021,
0.08016,0.0655,-0.021,
0.0641599,-0.0655,-0.021,
-0.0839996,0.0655,-0.021,
-0.0958401,-0.0655,-0.021,
0.08012,0.0655,-0.021,
0.0641199,-0.0655,-0.021,
-0.0839996,0.0655,-0.021,
-0.0958801,-0.0655,-0.021,
0.08008,0.0655,-0.021,
0.0640799,-0.0655,-0.021,
-0.0839996,0.0655,-0.021,
-0.0959201,-0.0655,-0.021,
0.08004,0.0655,-0.021,
0.0640399,-0.0655,-0.021,
-0.0839996,0.0655,-0.021,
-0.0959601,-0.0655,-0.021,
0.08,0.0655,-0.021,
0.0639999,-0.0655,-0.021,
-0.0839996,0.0655,-0.021,
-0.0960001,-0.0655,-0.021,
0.07996,0.0655,-0.021,
0.0639599,-0.0655,-0.021,
-0.0839996,0.0655,-0.021,
-0.0960401,-0.0655,-0.021,
0.07992,0.0655,-0.021,
0.0639199,-0.0655,-0.021,
-0.0839996,0.0655,-0.021,
-0.0960801,-0.0655,-0.021,
0.07988,0.0655,-0.021,
0.0638799,-0.0655,-0.021,
-0.0839996,0.0655,-0.021,
-0.0961201,-0.0655,-0.021,
0.07984,0.0655,-0.021,
0.0638399,-0.0655,-0.021,
-0.0839996,0.0655,-0.021,
-0.0961601,-0.0655,-0.021,
0.0798,0.0655,-0.021,
0.0637999,-0.0655,-0.021,
-0.0839996,0.0655,-0.021,
-0.0962001,-0.0655,-0.021,
0.07976,0.0655,-0.021,
0.0637599,-0.0655,-0.021,
-0.0839996,0.0655,-0.021,
-0.0962401,-0.0655,-0.021,
0.07972,0.0655,-0.021,
0.0637199,-0.0655,-0.021,
-0.0839996,0.0655,-0.021,
-0.0962801,-0.0655,-0.021,
0.07968,0.0655,-0.021,
0.0636799,-0.0655,-0.021,
-0.0839996,0.0655,-0.021,
-0.0963201,-0.0655,-0.021,
0.07964,0.0655,-0.021,
0.0636399,-0.0655,-0.021,
-0.0839996,0.0655,-0.021,
-0.0963601,-0.0655,-0.021,
0.0796,0.0655,-0.021,
0.0635999,-0.0655,-0.021,
-0.0839996,0.0655,-0.021,
-0.0964001,-0.0655,-0.021,
0.07956,0.0655,-0.021,
0.0635599,-0.0655,-0.021,
-0.0839996,0.0655,-0.021,
-0.0964401,-0.0655,-0.021,
0.07952,0.0655,-0.021,
0.0635199,-0.0655,-0.021,
-0.0839996,0.0655,-0.021,
-0.0964801,-0.0655,-0.021,
0.07948,0.0655,-0.021,
0.0634799,-0.0655,-0.021,
-0.0839996,0.0655,-0.021,
-0.0965201,-0.0655,-0.021,
0.07944,0.0655,-0.021,
0.0634399,-0.0655,-0.021,
-0.0839996,0.0655,-0.021,
-0.0965601,-0.0655,-0.021,
0.0794,0.0655,-0.021,
0.0633999,-0.0655,-0.021,
-0.0839996,0.0655,-0.021,
-0.0966001,-0.0655,-0.021,
0.07936,0.0655,-0.021,
0.0633599,-0.0655,-0.021,
-0.0839996,0.0655,-0.021,
-0.0966401,-0.0655,-0.021,
0.07932,0.0655,-0.021,
0.0633199,-0.0655,-0.021,
-0.0839996,0.0655,-0.021,
-0.0966801,-0.0655,-0.021,
0.07928,0.0655,-0.021,
0.0632799,-0.0655,-0.021,
-0.0839996,0.0655,-0.021,
-0.0967201,-0.0655,-0.021,
0.07924,0.0655,-0.021,
0.0632399,-0.0655,-0.021,
-0.0839996,0.0655,-0.021,
-0.0967601,-0.0655,-0.021,
0.0792,0.0655,-0.021,
0.0631999,-0.0655,-0.021,
-0.0839996,0.0655,-0.021,
-0.0968001,-0.0655,-0.021,
0.07916,0.0655,-0.021,
0.0631599,-0.0655,-0.021,
-0.0839996,0.0655,-0.021,
-0.0968401,-0.0655,-0.021,
0.07912,0.0655,-0.021,
0.0631199,-0.0655,-0.021,
-0.0839996,0.0655,-0.021,
-0.0968801,-0.0655,-0.021,
0.07908,0.0655,-0.021,
0.0630799,-0.0655,-0.021,
-0.0839996,0.0655,-0.021,
-0.0969201,-0.0655,-0.021,
0.07904,0.0655,-0.021,
0.0630399,-0.0655,-0.021,
-0.0839996,0.0655,-0.021,
-0.0969601,-0.0655,-0.021,
0.079,0.0655,-0.021,
0.0629999,-0.0655,-0.021,
-0.0839996,0.0655,-0.021,
-0.0970001,-0.0655,-0.021,
0.07896,0.0655,-0.021,
0.0629599,-0.0655,-0.021,
-0.0839996,0.0655,-0.021,
-0.0970401,-0.0655,-0.021,
0.07892,0.0655,-0.021,
0.0629199,-0.0655,-0.021,
-0.0839996,0.0655,-0.021,
-0.0970801,-0.0655,-0.021,
0.07888,0.0655,-0.021,
0.0628799,-0.0655,-0.021,
-0.0839996,0.0655,-0.021,
-0.0971201,-0.0655,-0.021,
0.07884,0.0655,-0.021,
0.0628399,-0.0655,-0.021,
-0.0839996,0.0655,-0.021,
-0.0971601,-0.0655,-0.021,
0.0788,0.0655,-0.021,
0.0627999,-0.0655,-0.021,
-0.0839996,0.0655,-0.021,
-0.0972001,-0.0655,-0.021,
0.07876,0.0655,-0.021,
0.0627599,-0.0655,-0.021,
-0.0839996,0.0655,-0.021,
-0.0972401,-0.0655,-0.021,
0.07872,0.0655,-0.021,
0.0627199,-0.0655,-0.021,
-0.0839996,0.0655,-0.021,
-0.0972801,-0.0655,-0.021,
0.07868,0.0655,-0.021,
0.0626799,-0.0655,-0.021,
-0.0839996,0.0655,-0.021,
-0.0973201,-0.0655,-0.021,
0.07864,0.0655,-0.021,
0.0626399,-0.0655,-0.021,
-0.0839996,0.0655,-0.021,
-0.0973601,-0.0655,-0.021,
0.0786,0.0655,-0.021,
0.0625999,-0.0655,-0.021,
-0.0839996,0.0655,-0.021,
-0.0974001,-0.0655,-0.021,
0.07856,0.0655,-0.021,
0.0625599,-0.0655,-0.021,
-0.0839996,0.0655,-0.021,
-0.0974401,-0.0655,-0.021,
0.07852,0.0655,-0.021,
0.0625199,-0.0655,-0.021,
-0.0839996,0.0655,-0.021,
-0.0974801,-0.0655,-0.021,
0.07848,0.0655,-0.021,
0.0624799,-0.0655,-0.021,
-0.0839996,0.0655,-0.021,
-0.0975201,-0.0655,-0.021,
0.07844,0.0655,-0.021,
0.0624399,-0.0655,-0.021,
-0.0839996,0.0655,-0.021,
-0.0975601,-0.0655,-0.021,
0.0784,0.0655,-0.021,
0.0623999,-0.0655,-0.021,
-0.0839996,0.0655,-0.021,
-0.0976001,-0.0655,-0.021,
0.07836,0.0655,-0.021,
0.0623599,-0.0655,-0.021,
-0.0839996,0.0655,-0.021,
-0.0976401,-0.0655,-0.021,
0.07832,0.0655,-0.021,
0.0623199,-0.0655,-0.021,
-0.0839996,0.0655,-0.021,
-0.0976801,-0.0655,-0.021,
0.07828,0.0655,-0.021,
0.0622799,-0.0655,-0.021,
-0.0839996,0.0655,-0.021,
-0.0977201,-0.0655,-0.021,
0.07824,0.0655,-0.021,
0.0622399,-0.0655,-0.021,
-0.0839996,0.0655,-0.021,
-0.0977601,-0.0655,-0.021,
0.0782,0.0655,-0.021,
0.0621999,-0.0655,-0.021,
-0.0839996,0.0655,-0.021,
-0.0978001,-0.0655,-0.021,
0.07816,0.0655,-0.021,
0.0621599,-0.0655,-0.021,
-0.0839996,0.0655,-0.021,
-0.0978401,-0.0655,-0.021,
0.07812,0.0655,-0.021,
0.0621199,-0.0655,-0.021,
-0.0839996,0.0655,-0.021,
-0.0978801,-0.0655,-0.021,
0.07808,0.0655,-0.021,
0.0620799,-0.0655,-0.021,
-0.0839996,0.0655,-0.021,
-0.0979201,-0.0655,-0.021,
0.07804,0.0655,-0.021,
0.0620399,-0.0655,-0.021,
-0.0839996,0.0655,-0.021,
-0.0979601,-0.0655,-0.021,
0.078,0.0655,-0.021,
0.0619999,-0.0655,-0.021,
-0.0839996,0.0655,-0.021,
-0.0980001,-0.0655,-0.021,
0.07796,0.0655,-0.021,
0.0619599,-0.0655,-0.021,
-0.0839996,0.0655,-0.021,
-0.0980401,-0.0655,-0.021,
0.07792,0.0655,-0.021,
0.0619199,-0.0655,-0.021,
-0.0839996,0.0655,-0.021,
-0.0980801,-0.0655,-0.021,
0.07788,0.0655,-0.021,
0.0618799,-0.0655,-0.021,
-0.0839996,0.0655,-0.021,
-0.0981201,-0.0655,-0.021,
0.07784,0.0655,-0.021,
0.0618399,-0.0655,-0.021,
-0.0839996,0.0655,-0.021,
-0.0981601,-0.0655,-0.021,
0.0778,0.0655,-0.021,
0.0617999,-0.0655,-0.021,
-0.0839996,0.0655,-0.021,
-0.0982001,-0.0655,-0.021,
0.07776,0.0655,-0.021,
0.0617599,-0.0655,-0.021,
-0.0839996,0.0655,-0.021,
-0.0982401,-0.0655,-0.021,
0.07772,0.0655,-0.021,
0.0617199,-0.0655,-0.021,
-0.0839996,0.0655,-0.021,
-0.0982801,-0.0655,-0.021,
0.07768,0.0655,-0.021,
0.0616799,-0.0655,-0.021,
-0.0839996,0.0655,-0.021,
-0.0983201,-0.0655,-0.021,
0.07764,0.0655,-0.021,
0.0616399,-0.0655,-0.021,
-0.0839996,0.0655,-0.021,
-0.0983601,-0.0655,-0.021,
0.0776,0.0655,-0.021,
0.0615999,-0.0655,-0.021,
-0.0839996,0.0655,-0.021,
-0.0984001,-0.0655,-0.021,
0.07756,0.0655,-0.021,
0.0615599,-0.0655,-0.021,
-0.0839996,0.0655,-0.021,
-0.0984401,-0.0655,-0.021,
0.07752,0.0655,-0.021,
0.0615199,-0.0655,-0.021,
-0.0839996,0.0655,-0.021,
-0.0984801,-0.0655,-0.021,
0.07748,0.0655,-0.021,
0.0614799,-0.0655,-0.021,
-0.0839996,0.0655,-0.021,
-0.0985201,-0.0655,-0.021,
0.07744,0.0655,-0.021,
0.0614399,-0.0655,-0.021,
-0.0839996,0.0655,-0.021,
-0.0985601,-0.0655,-0.021,
0.0774,0.0655,-0.021,
0.0613999,-0.0655,-0.021,
-0.0839996,0.0655,-0.021,
-0.0986001,-0.0655,-0.021,
0.07736,0.0655,-0.021,
0.0613599,-0.0655,-0.021,
-0.0839996,0.0655,-0.021,
-0.0986401,-0.0655,-0.021,
0.07732,0.0655,-0.021,
0.0613199,-0.0655,-0.021,
-0.0839996,0.0655,-0.021,
-0.0986801,-0.0655,-0.021,
0.07728,0.0655,-0.021,
0.0612799,-0.0655,-0.021,
-0.0839996,0.0655,-0.021,
-0.0987201,-0.0655,-0.021,
0.07724,0.0655,-0.021,
0.0612399,-0.0655,-0.021,
-0.0839996,0.0655,-0.021,
-0.0987601,-0.0655,-0.021,
0.0772,0.0655,-0.021,
0.0611999,-0.0655,-0.021,
-0.0839996,0.0655,-0.021,
-0.0988001,-0.0655,-0.021,
0.07716,0.0655,-0.021,
0.0611599,-0.0655,-0.021,
-0.0839996,0.0655,-0.021,
-0.0988401,-0.0655,-0.021,
